account,text,hashtags,created_at
pluschain41213,"Happy to announce our participation at #StartinBlock by @ParisBlockWeek 🏆

Join us for a chance to win $10M in Prizes, pitch 100s of Investors, ... and much more! 🎤

https://t.co/A6podkkish",StartinBlock,Wed Feb 12 03:01:13 +0000 2025
pluschain41213,"🎉 The party ain’t over yet! 🎉

📢 SHOWPLUS: ""They don’t know I’m the real OG short video app… but I’m coming for them! 💥""

🚀 Reels, Shorts, TikTok… Y’all better get ready, SHOWPLUS is about to bring the OG heat! 🔥

#SHOWPLUS #ShortFormKing #OGIsBack #Reels #Shorts https://t.co/ATweMnwfUg","SHOWPLUS,ShortFormKing,OGIsBack,Reels,Shorts,TikTokBetterWatchOut,TikTok,YouTube,Creators",Mon Feb 10 12:01:25 +0000 2025
pluschain41213,"ShowPlus pays you to watch content. 🎬💰 Finally, binge-watching with benefits. 🍿✨

#ShowPlus #BingeWatchAndEarn #CryptoEntertainment #EarnWhileYouWatch #ContentCreators #Web3 #PassiveIncome #BlockchainInnovation #EntertainmentRevolution #CryptoForAll https://t.co/lhq2gUPCKK","ShowPlus,BingeWatchAndEarn,CryptoEntertainment,EarnWhileYouWatch,ContentCreators,Web3,PassiveIncome,BlockchainInnovation,EntertainmentRevolution,CryptoForAll",Fri Feb 07 15:03:02 +0000 2025
pluschain41213,"Earn while engaging with ShowPlus—gamified entertainment at its finest. 🎮💰✨

#ShowPlus #GamifiedEntertainment #CryptoForAll #Web3 #BlockchainInnovation #EarnWhileYouPlay #FutureOfGaming #CryptoRewards #Web3Fun https://t.co/h9FbLqLlvo","ShowPlus,GamifiedEntertainment,CryptoForAll,Web3,BlockchainInnovation,EarnWhileYouPlay,FutureOfGaming,CryptoRewards,Web3Fun",Mon Feb 03 00:07:32 +0000 2025
pluschain41213,"Short videos, big rewards—ShowPlus makes every second count. ⏱️🎥💰

#ShowPlus #VideoRewards #CryptoForCreators #BlockchainInnovation #ShortVideos #EarnWhileYouWatch #Web3 #FutureOfEntertainment https://t.co/BjOqNDbZW6","ShowPlus,VideoRewards,CryptoForCreators,BlockchainInnovation,ShortVideos,EarnWhileYouWatch,Web3,FutureOfEntertainment",Wed Jan 22 12:21:27 +0000 2025
pluschain41213,"Your content, your rules—ShowPlus ensures you reap the rewards. 🎥💎✨

#ShowPlus #ContentCreation #BlockchainRewards #CryptoForCreators #Web3 #ReapTheRewards #FutureOfEntertainment #DigitalContent https://t.co/ZwWX8zN4I5","ShowPlus,ContentCreation,BlockchainRewards,CryptoForCreators,Web3,ReapTheRewards,FutureOfEntertainment,DigitalContent",Mon Jan 20 11:42:38 +0000 2025
pluschain41213,"So,...You Wanna Be a Content creator/Influencer? Let’s Talk Reality!",,Fri Jan 17 08:52:29 +0000 2025
pluschain41213,"Star Candy isn’t just sweet; it’s rewarding. 🍬💎 Get yours on ShowPlus. 🚀✨

#ShowPlus #StarCandy #CryptoRewards #BlockchainInnovation #SweetRewards #Web3 #FutureOfEntertainment #EarnAndEnjoy https://t.co/0DuGoKdw3d","ShowPlus,StarCandy,CryptoRewards,BlockchainInnovation,SweetRewards,Web3,FutureOfEntertainment,EarnAndEnjoy",Wed Jan 15 11:44:04 +0000 2025
pluschain41213,"RT @stijnnoorman: The best content creator in the world:

MrBeast.

I listened to all his podcasts about content creation.

Here are his 5…",,Tue Jan 14 05:32:36 +0000 2025
pluschain41213,"Sponsor, vote, and win. 🎉💰 ShowPlus redefines interactive contests. 🚀✨

#ShowPlus #InteractiveContests #SponsorAndWin #BlockchainInnovation #CryptoRewards #EngageAndEarn #Web3 #FutureOfEntertainment https://t.co/iXvMFPSfJc","ShowPlus,InteractiveContests,SponsorAndWin,BlockchainInnovation,CryptoRewards,EngageAndEarn,Web3,FutureOfEntertainment",Mon Jan 13 12:36:51 +0000 2025
pluschain41213,"Turn your 60-second masterpiece into cash. Pretty sure that ShowPlus makes it happen. 🎥💸🌟✨🎯 Check out the Challenge going on rn! 🏆🔥

#ShowPlus #CreativeChallenge #60SecondMasterpiece #EarnWithTalent #ContentCreators #DigitalInnovation #RTX5000 #Trump #KPOP #BTSARMY https://t.co/Dnk8X1V4Tq","ShowPlus,CreativeChallenge,60SecondMasterpiece,EarnWithTalent,ContentCreators,DigitalInnovation,RTX5000,Trump,KPOP,BTSARMY,Bitcoin",Fri Jan 10 14:13:12 +0000 2025
pluschain41213,"ShowPlus contests: where creativity meets competition and prizes. 🎨🏆✨🎉

#ShowPlus #CreativeContests #WinBig #UnleashCreativity #FunAndPrizes #audition #KPOP #BTS #BTSARMY #ROSE #APT_ROSÉ_BRUNO https://t.co/BSnTMSvi2x","ShowPlus,CreativeContests,WinBig,UnleashCreativity,FunAndPrizes,audition,KPOP,BTS,BTSARMY,ROSE,APT_ROSÉ_BRUNO",Wed Jan 08 14:45:58 +0000 2025
pluschain41213,"😂 Got a funny video? Share your smile and win big! 🌟
🎥 Join the Share Your Smile Challenge on Show+ and spread the laughs! 🎉

📅 Submission: Jan 3–31
🏆 Prizes: K-pop Idol Makeup Sets 🎁

🤣 Let’s make the world laugh together! 💬

#ShareYourSmile #LaughterIsUniversal https://t.co/36rqpJLaEe","ShareYourSmile,LaughterIsUniversal,FunChallenge,ShowPlus,ComedyVibes,RTX5000,RTX5090,BTS,ROSE_BRUNO_APT,meme,TomHolland,RewardProgram",Tue Jan 07 14:00:02 +0000 2025
pluschain41213,"🌟 Got K-pop merch? Time to shine! 💿💜
🎶 Join the My K-Star Collection Challenge on Show+ &amp; win amazing prizes! 🎁

📅 Submission: Jan 3–31
🏆 Prizes: K-pop Idol Makeup Sets 🎨

🤖AOS:https://t.co/EfnfzdYPuV
🍏iOS:https://t.co/zltvJaJ4ds
💬 Show your idol love &amp; participate https://t.co/CcTozRNuda","KpopChallenge,MyKStarCollection,KpopMerch,ShowPlus,KpopFans",Tue Jan 07 13:31:00 +0000 2025
pluschain41213,"🎤 Love K-pop? Now’s your chance to shine! 🌟

🎶 Join the K-pop Cover Song Challenge on Show+ and showcase your voice! 🎵

📅 Submission: Jan 3–31
🏆 Prizes: K-pop Idol Makeup Sets 🎁

👉 AOS:https://t.co/EfnfzdYPuV
👉 iOS:https://t.co/zltvJaJ4ds

✨ Let your talent take center https://t.co/XGHoI2RKUN","Showplus,audition,KPOP,BTS,BTSARMY,ROSE,APT_ROSÉ_BRUNO",Tue Jan 07 13:00:00 +0000 2025
pluschain41213,"🎶 Calling all K-pop fans! 🎶
🕺✨ Show off your moves and shine on stage! 💃

Join the K-pop Cover Dance Challenge on Show+ and win amazing prizes 🎥🎁

📅 Submission: Jan 3–31
🏆 Prizes: K-pop Idol Makeup Sets!
👉 AOS:https://t.co/EfnfzdZnkt
👉 iOS: https://t.co/zltvJaJC30

🌟 https://t.co/kaX7LKECcV","KpopDanceChallenge,KpopFans,DanceCover,ShowPlus,KpopVibes,RTX5000,RewardProgram,disneychannel",Tue Jan 07 12:21:36 +0000 2025
pluschain41213,"✨ Show your glow! 💄
🎥 Join the Before/After Makeup Challenge on Show+!
📅 Submit: Jan 3–31
🏆 1st Prize: K-pop Makeup Set ($300)

📲 Download Show+ now:
▶️ Android: https://t.co/oxwETvVaBd
📱 iOS: https://t.co/zltvJaJC30
💋 Transform, share, and win! 🌟

#MakeupChallenge https://t.co/ebSWfWPK5J","MakeupChallenge,BeforeAndAfter,KpopStyle,ShowPlus,GlowUp,TravisScott,RTX5000,TheRock,Greenland,Undertaker,RewardProgram,XRPHolders",Tue Jan 07 05:29:45 +0000 2025
pluschain41213,"Open contests, global talent—ShowPlus is where it’s at 🌟🌍🎭✨

#ShowPlus #GlobalTalent #OpenContests #CreativePlatform #Creators #CreatorEconomy https://t.co/yBbplLrHoI","ShowPlus,GlobalTalent,OpenContests,CreativePlatform,Creators,CreatorEconomy",Mon Jan 06 12:37:02 +0000 2025
pluschain41213,"A platform where content wins, and users do too ✨📚🌟🎉

#ContentCreators #WinWinPlatform #UserRewards #DigitalInnovation #ShowPlus #CreatorEconomy #Creators #cryptocurrency https://t.co/8BWtERYO84","ContentCreators,WinWinPlatform,UserRewards,DigitalInnovation,ShowPlus,CreatorEconomy,Creators,cryptocurrency",Sun Jan 05 06:29:48 +0000 2025
pluschain41213,"Should we bring #SquidGame2 contest to #ShowPlus ?😂

Join Now and try to stay till the end 😎

#SquidGame #SquidGameSeason2 #SHC2 #GranHermano #NotreDame #marcusfreeman #箱根駅伝 #ปังทั้งปี2568กับนุนิว #HappyNewYear #SSMB29 #NewYear2025 #NewOrleans #FourEverYouEP14 https://t.co/bw8IgiQnVo","SquidGame2,ShowPlus,SquidGame,SquidGameSeason2,SHC2,GranHermano,NotreDame,marcusfreeman,箱根駅伝,ปังทั้งปี2568กับนุนิว,HappyNewYear,SSMB29,NewYear2025,NewOrleans,FourEverYouEP14,JOHANNORTHSWEETANDHOT",Fri Jan 03 03:02:29 +0000 2025
aZen_Dao,We are going to  TOKEN2049 Dubai on 30 April -1 May 2025. Use this link to get a 10% discount! #TOKEN2049 https://t.co/x2QAAFXM07,TOKEN2049,Fri Jan 10 02:16:51 +0000 2025
aZen_Dao,Tune in ICP TownHall 3.0 !!  $1000 ICP  prize !,,Sat Dec 21 00:04:03 +0000 2024
aZen_Dao,"RT @azen_protocol: 🎙️Join our AMA! We're diving into ""Integrating DePIN with AI and IoT for Smart Solutions"" with @iotex_io, @CyberChargeWe…",,Wed Dec 04 12:14:15 +0000 2024
aZen_Dao,"RT @azen_protocol: aZen Referral Rewards Upgraded! Overflowing Rewards Await! 🎉

💞Win-Win Rewards!
• Invite a friend, and you BOTH get 5,00…",,Wed Dec 04 12:14:06 +0000 2024
aZen_Dao,"RT @azen_protocol: Game-Changer Alert! aZen DePIN Lite NOW on Google Play! 🚀

📱aZen DePIN Lite:
Turn your smartphone's idle power into dail…",,Wed Dec 04 12:14:00 +0000 2024
aZen_Dao,"RT @azen_protocol: We are thrilled to join the peaq ecosystem and contribute to advancing the machine economy!
Join the X Space with @peaqn…",,Wed Nov 27 13:29:51 +0000 2024
aZen_Dao,RT @azen_protocol: https://t.co/HvpXrp2JKe,,Wed Nov 27 13:29:27 +0000 2024
aZen_Dao,We are building BIG !,,Tue Nov 19 15:19:57 +0000 2024
aZen_Dao,"Rise and shine, aZenese! 🌞✨

Let today be filled with success and rewards. 🍀✨ Don’t miss out, complete your daily check-in and tasks with Depin to unlock rewards! 📈💰 Every action moves you forward. 💼🔥

Here’s to a rewarding day ahead! 💫

#DePINRewards #aZenCommunity https://t.co/S6c3DxGfpL","DePINRewards,aZenCommunity,CryptoJourney,CheckInForRewards,UnlockThePotential",Tue Nov 19 01:16:19 +0000 2024
aZen_Dao,"Happy Monday, aZenese! 🌅✨

Kick off your week with positivity and purpose! 🍀💼 Start strong by checking in and completing your tasks with Depin to earn exciting rewards. 📈🚀

Here’s to a productive and rewarding week ahead! 💫

#StayConnected #DePINRewards #CryptoCommunity https://t.co/ISvjbfsUtz","StayConnected,DePINRewards,CryptoCommunity,MotivationMonday,TaskCompletion,PathToSuccess",Mon Nov 18 01:51:25 +0000 2024
aZen_Dao,"Happy Friday, aZenese! 🌇✨

You’ve made it through the week—keep up the great work! 🍀✨ Remember to check in and complete your tasks to earn those rewards! 📈💵 Each effort this week has brought you closer to your goals. 💼🔥

Enjoy a well-deserved weekend, and get ready for","StayEngaged,EarnWithDePIN,aZenCommunity",Fri Nov 15 01:55:25 +0000 2024
aZen_Dao,"Good morning, wonderful aZenese! 🌅✨

May luck, joy, and success light up your path today. 🍀✨ Stay connected with Depin, and don’t forget your daily check-in to unlock rewards! 📈💵 Every step counts, keep that flame alive! 💼🌟

Wishing you an extraordinary day! 🌟💫 https://t.co/mjJRzF0lVk","StayConnected,DePINRewards,aZenCommunity,DailyCheckIn,PathToSuccess",Thu Nov 14 02:21:26 +0000 2024
aZen_Dao,"RT @azen_protocol: 🌐 #DevCon Bangkok, the global #Web3 summit, brought together top elites, builders, and investors from around the world!…","DevCon,Web3",Mon Nov 11 10:15:39 +0000 2024
aZen_Dao,RT @azen_protocol: 💕 Big Thanks to Everyone! Our Daily Prize Draw has brought so much excitement and joy since it started on August 16! 🎉…,,Mon Nov 11 03:48:31 +0000 2024
aZen_Dao,"🌟 Happy New Week, aZen Community! 🥳

Wishing everyone a week filled with productivity, success, and rewards from our #DePIN network! 💸 Stay engaged, keep pushing, and let’s make each day count. Here’s to new achievements together! 💪

#CryptoCommunity #aZenFamily #WinBig https://t.co/KAYauO6oNo","DePIN,CryptoCommunity,aZenFamily,WinBig,DailyRewards,DePIN,StayConnected,aZenConnect",Mon Nov 11 03:46:28 +0000 2024
aZen_Dao,"🎉 Drumroll, Please! Today’s Winners Have Been Announced!

💥 Big Winners Announcement! 123 USDT has just been gifted to 33 lucky aZenese! 💸 Dive into the aZen Connect app now to see if your name is on the list! 🤑

🔥 Don’t Wait to Win! Download aZen Connect and participate in https://t.co/V51S0h6N4X","CryptoRewards,aZenFamily,WinBig,USDTGiveaway,LuckyWinners,JoinTheaZenese,CryptoCommunity,aZenConnect",Fri Nov 08 09:06:35 +0000 2024
aZen_Dao,"🎉 Big Win Alert! Join Us in Celebrating Today’s Winners!

🎉 Who’s Taking Home the Prize? 123 USDT has just been awarded to 33 lucky aZenese💸 Open the aZen Connect app now to see if you’re among the lucky ones! 🤑

🎯 Don’t Miss Out! Download aZen Connect, enter our daily prize https://t.co/miAHcDhN7X","CryptoRewards,aZenFamily,WinBig,USDTGiveaway,LuckyWinners,JoinTheaZenese,CryptoCommunity,aZenConnect",Thu Nov 07 08:11:53 +0000 2024
aZen_Dao,"🎉 Big Win Alert! Join Us in Celebrating Today’s Winners!

🎉 Who’s Taking Home the Prize? 123 USDT has just been awarded to 33 lucky aZenese💸 Open the aZen Connect app now to see if you’re among the lucky ones! 🤑

🎯 Don’t Miss Out! Download aZen Connect, enter our daily prize https://t.co/miAHcDhN7X","CryptoRewards,aZenFamily,WinBig,USDTGiveaway,LuckyWinners,JoinTheaZenese,CryptoCommunity,aZenConnect",Thu Nov 07 08:11:53 +0000 2024
aZen_Dao,"🎊 Hooray for Our Winners! Discover Today’s Prize Winners!

🎊 Let’s Celebrate Our Winners! 119 USDT has just been awarded to 30 lucky aZenese💸 Open the aZen Connect app now to see if you’re among the lucky ones! 🤑

🏆 Feeling lucky? Download aZen Connect now to join our daily https://t.co/iTLFbpAs9K","CryptoRewards,aZenFamily,WinBig,USDTGiveaway,LuckyWinners,JoinTheaZenese,CryptoCommunity,aZenConnect",Wed Nov 06 08:10:34 +0000 2024
aZen_Dao,"🎊 Who’s Taking Home the Win? Check out today’s lucky winners!

🎉 Congrats to Our Lucky Winners! 113 USDT has just landed in the wallets of 28 fortunate aZenese! 💸 Log into the aZen Connect app to check if you’ve hit the jackpot! 🤑

✨ Your Turn to Win! Download aZen Connect https://t.co/K99Y2Ds8Vb","CryptoRewards,aZenFamily,WinBig,USDTGiveaway,LuckyWinners,JoinTheaZenese,CryptoCommunity,aZenConnect",Tue Nov 05 08:11:01 +0000 2024
torum_official,Every story has a beginning.,,Thu Dec 26 03:02:22 +0000 2024
torum_official,There is much to be gained.,,Fri Dec 20 16:22:32 +0000 2024
torum_official,Things are about to get interesting.,,Mon Dec 09 12:27:59 +0000 2024
torum_official,"$100,000 is just the beginning #Bitcoin",Bitcoin,Thu Dec 05 02:45:21 +0000 2024
torum_official,Challenging the unthinkable.,,Wed Dec 04 02:49:49 +0000 2024
torum_official,"Steadily, but surely.",,Tue Dec 03 03:12:54 +0000 2024
torum_official,"Memes are temporary, bonds are forever.",,Mon Dec 02 05:12:22 +0000 2024
torum_official,GM 🌟,,Wed Nov 27 02:24:19 +0000 2024
torum_official,"Nothing is lost, while BUIDL and conviction remain.",,Wed Nov 20 10:39:12 +0000 2024
torum_official,GM 👑,,Tue Nov 19 03:06:37 +0000 2024
torum_official,RT @chloesinyin: working from our APT today and it went like…. 🎶👯 https://t.co/edwKveMz9X,,Mon Oct 21 06:16:20 +0000 2024
torum_official,"RT @MasterJanNFT: I am my Penguin and My Penguin is me 🐧

Sundays are for making sure the week ahead is as productive as possible

How are…",,Mon Oct 14 02:45:15 +0000 2024
torum_official,RT @chloesinyin: gm 🐧 issa vibe ✨ https://t.co/sSOHityoM7,,Sat Oct 12 03:10:18 +0000 2024
torum_official,"RT @chloesinyin: had a blast working on my @LilPudgys AR filter with @jayson_torum, bringing it to life 🐧✨

If you’re curious too, submit y…",,Thu Oct 10 02:20:08 +0000 2024
torum_official,RT @chloesinyin: @jayson_torum @FoxyPenguinApe @pudgypenguins @LilPudgys @LucaNetz @ppmctweets @torum_official Yays more penguins and can’t…,,Wed Oct 09 02:17:55 +0000 2024
torum_official,RT @chloesinyin: don’t tell anyone 🤫 https://t.co/AFrRYNHS5i,,Wed Oct 09 02:17:42 +0000 2024
torum_official,"The next wave of NFTs is creators. If you believe in our vision to bring NFT to life, join us in our journey today.

We are having a campaign to onboard more NFT owners and build a product with lasting value and impact together to the world of Web2 and Web3. Join us now:",,Tue Oct 08 06:53:57 +0000 2024
torum_official,"RT @chloesinyin: gm! 🐧 sometimes we all just need an extra boost, don’t we? 😉 https://t.co/fdVULIH0Fi",,Tue Oct 08 06:51:09 +0000 2024
torum_official,RT @chloesinyin: 10/ Designed my first AR filter with @torum_official and @jayson_torum ✨ https://t.co/moGbgQZ3nn,,Tue Oct 08 03:30:49 +0000 2024
torum_official,Enjoy bringing your penguins to life!  We can’t wait to see the creative ways you use them ✨,,Tue Oct 08 02:41:12 +0000 2024
farmroll_io,"The only thing better than a bull market?

A decentralized future where AI Agents work for YOU 🫵

Gm and let’s $ROLL 🎲",,Mon Feb 17 09:25:24 +0000 2025
farmroll_io,"RT @Av_Sebastian: What did I tell you, $ROLL is on the move after a mega bounce. Up 50% from my last tweet.👀

Still right under 2mil ADA ma…",,Mon Feb 17 08:15:03 +0000 2025
farmroll_io,"RT @_AskNemo: They say the first candle is the OMEN for whats to come in the chart. 

If its judged by $ROLL first candle… 

Bullish af htt…",,Mon Feb 17 01:09:30 +0000 2025
farmroll_io,"RT @songmarketcap: So proud 🎵 We made it! @farmroll_io got that SONG on SongMarketCap ❤️🎵 $ROLL on #Cardano 

https://t.co/kh0shebn6H",Cardano,Mon Feb 17 00:51:15 +0000 2025
farmroll_io,"RT @ADA__Lover: I've been buying $ROLL every time I go below the IDO price
The reason I'm buying is the vision of a strong team @farmroll_i…",,Sun Feb 16 23:51:55 +0000 2025
farmroll_io,"RT @stockjupiterr: well that was easy, $roll ate the dip, nice play https://t.co/kCidjj7fUk",,Sun Feb 16 23:09:42 +0000 2025
farmroll_io,"RT @decypher_xyz: Yes - I think we will make it.

Yes - I have been buying the dip.

Yes - this is $ROLL 👇 https://t.co/eAtKdXXT6C",,Sun Feb 16 23:09:36 +0000 2025
farmroll_io,"RT @majesticADA: Yeah, keep sleeping on $ROLL🤡

Beautiful BULLISH pinbar on the resistance flipping it to support followed by a MEGA 10K AD…",,Sun Feb 16 22:57:05 +0000 2025
farmroll_io,RT @encrypyted_2J: $Roll has extremely healthy liquidity for a project at 1.6m mc! the proper evaluation just from a liquidity to mc perspe…,,Sun Feb 16 22:12:54 +0000 2025
farmroll_io,"RT @Omen4Omen: Late announcement 📣 🤑

We’re excited to share that we’ve successfully secured 1% of the total $ROLL token supply during the…",,Sun Feb 16 21:36:47 +0000 2025
farmroll_io,"RT @majesticADA: Imagine not buying $ROLL dips ☠️

You have no idea about the storm that will soon hit the Cardano space ☄️

Stay humble an…",,Sun Feb 16 14:57:51 +0000 2025
farmroll_io,RT @stockjupiterr: @Av_Sebastian @farmroll_io Looks like a buy to me 👀,,Sun Feb 16 14:36:37 +0000 2025
farmroll_io,"RT @Av_Sebastian: This is pretty normal after an IDO.
Flippers that were hoping to do a 10x in the first 2 days are selling while long term…",,Sun Feb 16 14:32:30 +0000 2025
farmroll_io,"RT @Ivica_Ada: We at @farmroll_io are building an app that will have more features then @virtuals_io 

Just in comparison $virtual is a tok…",,Sun Feb 16 14:32:19 +0000 2025
farmroll_io,RT @deezy_BTC: @farmroll_io @dexscreener Best value play on ADA atm,,Sun Feb 16 14:21:44 +0000 2025
farmroll_io,"The $ROLL token is now verified on DexScreener!

We are happy to be present in one of crypto's most used and recognizable charting platforms.

Thank you for the quick support, @dexscreener ! https://t.co/R7UB8kdaNP",,Sun Feb 16 14:16:20 +0000 2025
farmroll_io,"A swarm of AI Agents. 🐝

Created on the Factory for AI Agents on Cardano.

With capabilities you've never seen before! 🧑‍🔬 https://t.co/pNOhMGY3CM",,Sun Feb 16 09:53:46 +0000 2025
farmroll_io,"RT @Av_Sebastian: 🎲Giveaway🎲
To celebrate Farmroll's successful IDO, we are giving away 30k $ROLL (worth 150ADA).
To win:
✅Like &amp; RT
✅Follo…",,Sat Feb 15 19:16:53 +0000 2025
farmroll_io,"RT @Ivica_Ada: Buying utility projects with a working product will always land you a win in the long run.

While you are chasing memes I'm…",,Sat Feb 15 17:47:59 +0000 2025
farmroll_io,"RT @JuanTelo7: Props to @Xerberus_io and @vesprwallet for adding this feature! Was a much needed one 🙌🏼

Now, on to buying more $ROLL 😂 htt…",,Sat Feb 15 15:39:29 +0000 2025
MoonFitOfficial,"👻 Halloween Challenge: No Tricks, Just Sweats &amp; Treats! 🍂

Join now: https://t.co/oWsI3W5B6f

Let’s embrace the season and have fun together! 💪
#MoonFit #Web3Fitness #Halloweenchallenge https://t.co/HRADP1SC3S","MoonFit,Web3Fitness,Halloweenchallenge",Mon Oct 14 04:48:25 +0000 2024
MoonFitOfficial,"No Tricks, Just Sweats &amp; Treats! 🎃
Drop a 👻 if you're ready to join Moonfit’s Halloween Challenge and win exclusive rewards! 💀✨ https://t.co/E8bdNLWKIX",,Wed Oct 09 07:35:22 +0000 2024
MoonFitOfficial,"🚀 We want to hear from YOU! 🌕💬
We’re working hard to improve MoonFit, and your feedback will help us make it even better. Drop your thoughts in the comments below so we can make it real! 👇
#MoonFit #UserFeedback https://t.co/DaxTVH75rx","MoonFit,UserFeedback",Thu Sep 19 11:35:15 +0000 2024
MoonFitOfficial,"So honored to be one part of @MantaNetwork 🔥💥

#MoonFit #Web3Fitness #SocialFi","MoonFit,Web3Fitness,SocialFi",Fri May 03 15:54:52 +0000 2024
MoonFitOfficial,"Exiciting News, MoonFit Fit-Freaks! 🔥

@xhoneyCoin will allocate 375,000 $XHNY to MoonFit Community. The amount received by each holder would then depend on your holdings. 

Check your wallets tomorrow, May 3rd, to get your $XHNY airdrop 🚀",,Thu May 02 08:01:28 +0000 2024
MoonFitOfficial,"Calling all MoonFit Fit-Freaks!

Celebrate the launch of @xhoneyCoin $XHNY today!
🍯Join GIVEAWAY (4x 10,000 $XHNY)

1️⃣ Like + Repost @xhoneyCoin post 
2️⃣ Tag some friends",,Thu May 02 03:15:59 +0000 2024
MoonFitOfficial,"🛠️ System Maintenance Notice 📲

MoonFit will undergo maintenance from 7:00 - 9:00 AM UTC on Monday, 15th April 2024, to implement improvements.

During this period, we kindly ask all users to limit their app usage to prevent disruptions. We appreciate your patience as we work to https://t.co/qzStvhF1Nm",,Sun Apr 14 16:06:34 +0000 2024
MoonFitOfficial,"🌟 Earn $PINK tokens effortlessly! 💰

Remember, besides earning $PINK via the Bounty Spin, you can also gather $PINK from Pool 2 (239,584 $PINK) by completing tasks in the Daily Mission on the MoonFit app.

🎀 PINK is the first @Polkadot &amp; Cross-chain meme coin.

👉 https://t.co/kNBb3L8Dyb","MoonFit,Web3Fitness,bountyspin",Thu Apr 11 14:27:14 +0000 2024
MoonFitOfficial,"🚀 It's time to claim your staking rewards! 🚀

On April 9th, 2024 at 2:30 a.m UTC, all stakers who staked $ASTR at @AstarNetwork for MoonFit dApp Staking can claim their monthly rewards.

Don't miss out if you staked during these periods:
➖ Round 1: Sep 23, 2023 - Dec 24, 2023 https://t.co/tCUQbix3yR","MoonFit,Web3Fitness,stakingreward",Mon Apr 08 13:41:36 +0000 2024
MoonFitOfficial,"RT @Polkadot: World-view of gaming on Polkadot 🌎

Polkadot supports smart contract chains with game applications, game-specific chains, and…",,Mon Apr 08 10:42:52 +0000 2024
MoonFitOfficial,"🔍 Wondering about the significance of oMFG in MoonFit's Testnet Phase 2? 

Beyond merely serving as the on-chain version of MFG, oMFG embodies MoonFit's commitment to transparency and plays a pivotal role in determining future $MFG airdrop allocations upon transitioning to the https://t.co/eRMhFaOcJu",,Thu Apr 04 13:24:12 +0000 2024
MoonFitOfficial,"🛠️ Ready to make the leap to oMFG? Here's a step-by-step guide to get you started:

Step 1: Open the Chrome browser on your desktop (Mac, Windows, Linux devices).
Step 2: Head over to https://t.co/qeoqT2xz4B, connect your wallet and MoonFit account (using your Google or Apple",,Thu Apr 04 13:26:48 +0000 2024
MoonFitOfficial,"RT @MoonbeamNetwork: These projects were the Top 5 NFT collections on Moonbeam in March (by volume), according to data on https://t.co/g6eT…",,Thu Apr 04 09:02:00 +0000 2024
MoonFitOfficial,"RT @moonprincessann: Combining fitness and gaming for the ultimate rewards! 🏃‍♂️🎮 

Stay dedicated with @MoonFitOfficial runs &amp; earn extra…",,Thu Apr 04 02:34:53 +0000 2024
MoonFitOfficial,"Ready to dive into APRIL IS PINK? 🎀

Participate in LGF &amp; @pinkonomic Zealy Questboard to earn extra $PINK and various rewards!

👉 Explore further at: https://t.co/ytC4wNl9vw

🎮 Follow comprehensive guidelines here ⤵️

https://t.co/Rjn0kgrVuw",,Wed Apr 03 02:40:05 +0000 2024
MoonFitOfficial,"RT @moonprincessann: Every #Monday I hit the running with @MoonFitOfficial

It’s become a crucial part of my routine, and for good reason.…",Monday,Mon Apr 01 09:20:21 +0000 2024
MoonFitOfficial,"🥳 Happy Easter, to every MoonFitters who celebrates!  

May you all enjoy the beauty of the season and the blessings of life🙏🏻 

Warmest wishes to you and your family for a wonderful Easter celebration!🥚🥰

#MoonFit #Web3Fitness #happyeaster https://t.co/SjVA2rQnwe","MoonFit,Web3Fitness,happyeaster",Sun Mar 31 05:48:18 +0000 2024
MoonFitOfficial,"📢 Exciting News, MoonFit Fit-Freaks! 
🎀 MoonFit users can now withdraw $PINK from the $PINK Bounty Spin! 🌟

You have two options for withdrawing your PINK from MoonFit:

1) Navigate to Wallet/Spending Account within the app.
2) Visit the Withdrawal Webpage at https://t.co/lI86TBHFdC","MoonFit,Web3Fitness,SocialFi",Fri Mar 29 04:46:52 +0000 2024
MoonFitOfficial,"👀@MoonFitOfficial joined the $PINK craze 🎀!~

Remember to join to get $PINK and more ⤵️

🔗https://t.co/OoE01KaVA8",,Mon Mar 25 12:00:02 +0000 2024
MoonFitOfficial,"🎀 We are correcting the total $PINK reward pool quantity to 1,197,917 $PINK 🎊

Pool 1: $PINK Bounty Spin - 958,333 $PINK 
🌌 How to join? 
1️⃣ Connect your wallet 
2️⃣ Link your account (email/Apple ID) 
3️⃣ Receive 1 FREE SPIN daily for EVERYONE

Pool 2: Daily Mission in MoonFit https://t.co/AOLGStKGhr","MoonFit,Web3Fitness,bountyspin",Mon Mar 25 10:16:35 +0000 2024
rogerg8001,Do you think @Apple will announce the launch of its own stablecoin $USDA on the 19th?,,Fri Feb 14 11:19:29 +0000 2025
rogerg8001,Personal payments as simple as card payments!,,Tue Feb 11 14:57:24 +0000 2025
rogerg8001,"RT @StarterLabsHQ: The @GoTransferMole IDO is LIVE!

🚨 Beware of Fake Contracts and Imposters! 🚨

Get your $AIPAY tokens NOW! ⬇️

TransferM…",,Wed Feb 05 15:11:52 +0000 2025
rogerg8001,Super fast cross-chain USDC payments coming soon! Sending USDC from 10 chains to social usernames with a blink of an eye. 👁️,,Tue Feb 04 14:44:49 +0000 2025
rogerg8001,"I still remember the day we launched the first MVP of @GoTransferMole in early 2024 — it feels like it was just yesterday. Fast forward 12 months, with 176,086 signups, I’m excited to announce the next chapter: the launch of our native token, $AIPAY.

But this is much more than",,Tue Jan 28 22:20:18 +0000 2025
rogerg8001,AI agents will be the main narrative of this cycle and they need to be able to accept and disburse payments globally. Excited to chat with some brilliant AI minds.,,Fri Jan 24 15:52:00 +0000 2025
rogerg8001,Just send it. That’s the post.,,Sun Jan 12 20:30:31 +0000 2025
rogerg8001,Thrilled to have @bcfounders joining us on our journey to simplify global peer-to-peer payments!,,Mon Dec 23 17:15:12 +0000 2024
rogerg8001,"We have a ambitious goals for 2025 and one of them is to onboard a wave of Instagram users, enabling them to easily receive crypto and card payments to their Instagram username. 

Join us for this live session, hosted by @BuildOnCircle for a sneak peek on how to get paid with",,Thu Dec 19 17:33:04 +0000 2024
rogerg8001,"RT @GoTransferMole: Building a payment system that helps make #crypto payments more usable. One solid, interoperable, and normie friendly f…",crypto,Wed Dec 04 18:58:15 +0000 2024
rogerg8001,"Great post and things are even more bullish considering Stablecoins haven't even scratched the surface of the $800 billion remittance market! Now we just need to make stables ""usable"" for the average person on the street.",,Wed Dec 04 18:01:06 +0000 2024
rogerg8001,"Seems like every L1 is launching a USD stablecoin nowadays. Not really attractive for the non-crypto clientele, but probably they won’t notice this cross-chain, cross-stablecoin payment mishmash thanks to things like @GoTransferMole. 

Multi-step, cross-chain, cross-stablecoin",,Wed Dec 04 11:10:07 +0000 2024
rogerg8001,"The creator economy is a $250 billion market and depends on card payments. It's essentially a subscription economy. One-off payments are rare, but they could unlock billions in upsell potential 💰✨. 

Problems:
1. Individual creators can't directly accept cards
2. P2P payment",,Wed Dec 04 08:12:00 +0000 2024
rogerg8001,"If 4.9 billion people use their social media username to message and connect with people all around the world, why is it still not a standard to also accept payments with their social username? 

It’s such a broken experience. Time to fix it. Join the journey @GoTransferMole",,Tue Dec 03 09:52:56 +0000 2024
rogerg8001,"Stablecoin market cap reached $190 billion in November, that's +46% this year! The bulk of the  volume is related to trading, but consumer and remittance payments are growing fast. Widespread adoption of stables is unavoidable, especially so as it gets easier to use them.",,Sun Dec 01 10:03:28 +0000 2024
rogerg8001,"☕️ Would you pay for your next @Starbucks coffee with CASH if card payments would take 15 minutes to complete? 

I guess yes. Or you would not get coffee.

Your friends can't get paid by cards. Neither your family. And very unlikely the Web3 freelancer next door accepts cards.",,Thu Nov 28 08:02:08 +0000 2024
rogerg8001,"Agree, but without the need to understand technology. Crypto has to be as simple as sending a text or swiping a card.",,Wed Nov 27 18:24:48 +0000 2024
rogerg8001,"Sending USDC to social media usernames is already easy. Soon you can also send EURC to people’s Telegram, Instagram, WhatsApp, etc.",,Wed Nov 27 16:33:38 +0000 2024
rogerg8001,"There will be 1,000,000 of Meme coins.

There will be 1,000,000 of AI coins.

There will be 1,000,000 of PumpFuns.

There will be 100 real world coins for 4.9 billion normies.",,Tue Nov 19 19:02:28 +0000 2024
rogerg8001,We are on a mission to make P2P as simple as a card tap. Everyone should be able to pay anyone - without crypto knowledge.,,Tue Nov 19 12:17:39 +0000 2024
PixieApp,"🚀 Exciting news on the horizon! Pixie and Endless are about to announce a groundbreaking collaboration that will take our ecosystem to the next level! 🌐

Endless is a decentralized cloud component protocol designed to make building Web3 apps easier and more secure. Stay tuned! https://t.co/CzhJMx5qZm",,Wed Sep 04 07:08:46 +0000 2024
PixieApp,"🚀Exciting News!🚀
Pixie secures a major investment from a revolutionary Layer 1 blockchain protocol!
This tech enables blockchain app development without coding.
We'll enhance AI, support our ecosystem, and grow our community.
#Blockchain #Web3 #AI #Innovation #CommunityGrowth https://t.co/7knpoOg7NE","Blockchain,Web3,AI,Innovation,CommunityGrowth",Fri Jul 19 12:25:17 +0000 2024
PixieApp,"🚨 Exciting News, Pixie Fam! 🚨

Get your FREE Pixie Card!
The first 100 applicants pay ZERO creation fees.🎉

Join and apply now and grab this limited-time offer for a seamless fiat-crypto spending journey today!

👆(Apply Through in App Banner)

#Crypto #cryptocurrency #Airdrop https://t.co/IDDSElEBUu","Crypto,cryptocurrency,Airdrop",Fri Jun 28 01:00:01 +0000 2024
PixieApp,"🚀 Join our AMA with Pixie &amp; Kaira! 🚀

Chat with the PixieTeam, ask your questions, and share a $200 USDT prize pool! 💬💸

🗓️ Don’t miss out! 

#Pixieapp #Usekaira #cryptocurrency  #Giveaway #Airdrop 

🔗 [Join here](https://t.co/gDLkiiPpep) https://t.co/kC0PTlP9Te","Pixieapp,Usekaira,cryptocurrency,Giveaway,Airdrop",Thu Jun 27 14:22:06 +0000 2024
PixieApp,"We're giving away 10 Lens Handles and 10 Genesis Cameras to 20 lucky winners!

To participate:

- Follow @usekaira and @Pixieapp
- Like &amp; RT this post
- Comment your Polygon address and Pixie username

Good luck! 🍀✨ #Kaira #Pixie #Giveaway https://t.co/PM1v8LcM03","Kaira,Pixie,Giveaway",Wed Jun 19 14:20:00 +0000 2024
PixieApp,"@usekaira YOU WON! DM the @PixieApp account!
@Parviz39349109 @biggb597 @Ta5Ani @Learntillearn @FrtOnrn @artpopvt3792 @Shakti2862871 @paperhand0x @Hunmarie19 @rmgtraders @mangohumble @nusratera036 @rani2573 @zohebali @NeginD9756 @gordon_osifo @MonteroXR @BalanKG2 @rohitgolu2007 @Tikmallnet",,Tue Jun 25 14:36:45 +0000 2024
PixieApp,"Introducing Pixie Card Service. Now you can spend your Crypto anywhere with your exclusive Pixie Card.

Check out the in-app banner to apply!

Review👇
https://t.co/RY2KaaVKxb https://t.co/rMFIWGEIld",,Mon Jun 24 15:02:32 +0000 2024
PixieApp,@usekaira 20 random winners will be selected and the results will be published on the 24th of June!,,Sat Jun 22 14:52:48 +0000 2024
PixieApp,Don't miss out this opportunity and join us today.,,Fri Jun 14 10:05:56 +0000 2024
PixieApp,🔥,,Thu Jun 13 20:55:48 +0000 2024
PixieApp,"Incoming new features!
Soon to be released! https://t.co/kugLCES3OV",,Wed Jun 05 12:59:22 +0000 2024
PixieApp,"You guys are amazing!
We are continuing to lead the Top Gainer board!
Lets go Pixie users!",,Thu May 30 12:49:25 +0000 2024
PixieApp,"RT @Bitcoinhabebe: Our trades from yesterday achieved great results! 

#BabyTrump 200%
$KHABY 110% 
$PIX 75% 

Picking great gems on both D…",BabyTrump,Thu May 30 10:47:03 +0000 2024
PixieApp,"RT @kucoincom: 🚀 24 Top 5 Gainers on #KuCoin (May 29, 2024) 🔥

1️⃣📈 $BOB (@BobEthToken) - $0.000082681 (55%)
2️⃣📈 $TENET (@tenet_org) - $0.…",KuCoin,Wed May 29 19:10:30 +0000 2024
PixieApp,"With the situation out of the way, more functions, features and collabs are coming to Pixie.
Thank you, Pixie users, and Stay tuned! https://t.co/dlzbzFByaq",,Wed May 29 18:42:11 +0000 2024
PixieApp,"RT @consensus2024: 🤠 The enthusiasm for #Consensus2024 is palpable! Thanks for helping us sell out our Explorer passes.

Don't have a pass…",Consensus2024,Mon May 27 14:09:38 +0000 2024
PixieApp,"We're thrilled to see Pixie at the forefront as influencers and celebrities increasingly embrace crypto-based platforms for deeper engagement and rewards!   

A big thanks to @Coinbrit for reporting this.

#pixieapp #CryptoNews #Cryptocurency #Web3 
https://t.co/P6ke9UdH4J","pixieapp,CryptoNews,Cryptocurency,Web3",Tue May 07 14:30:55 +0000 2024
PixieApp,"PixieTeam is thrilled to announce that we have partnered with MemeProf!

We are sure combining AI technology with Meme creation will bring more excitement to our community!",,Fri Apr 26 15:35:56 +0000 2024
PixieApp,"Have you seen a duck reaching the moon? Introducing Pixie's partner, $DUCKIE, the leading MEME project is launching on TokenFi and Blast L2.

IDO starting tomorrow - Friday, 5th April 2024, at 12pm UTC

IDO link: https://t.co/AqSXHxjGEi
@duckiethetoken @Blast_L2 #ToTheMoon https://t.co/gSTxBebdYc",ToTheMoon,Thu Apr 04 17:45:25 +0000 2024
PixieApp,"The launch of Pixie's in-house NFT marketplace is just around the corner! 
Get ready to showcase and trade your unique NFT collections like never before. https://t.co/rpls8hNR0o",,Wed Apr 03 12:28:29 +0000 2024
SaTT_Token,Well deserved! Keep rollin',,Sat Mar 30 13:09:42 +0000 2024
SaTT_Token,"GM!
Let's farm!",,Wed Mar 13 03:24:18 +0000 2024
SaTT_Token,GM!,,Mon Mar 11 04:29:26 +0000 2024
SaTT_Token,GM,,Sun Mar 10 08:02:26 +0000 2024
SaTT_Token,True,,Wed Mar 06 13:41:33 +0000 2024
SaTT_Token,GM!,,Wed Mar 06 07:03:25 +0000 2024
SaTT_Token,https://t.co/u6RhnnqM69,,Tue Mar 05 15:09:26 +0000 2024
SaTT_Token,"🚀 ""The future of Bitcoin is in our hands! The number of ❤️ on this tweet will be the next ATH.
 Let's make history together - like &amp; share to pump those rookie numbers! 
#BitcoinBullRun #CryptoCommunity https://t.co/YQK89nfTTd","BitcoinBullRun,CryptoCommunity",Tue Mar 05 14:57:03 +0000 2024
SaTT_Token,https://t.co/2kEI81gO4v,,Tue Mar 05 13:53:02 +0000 2024
SaTT_Token,"🌐 Elevate your project with #Adpools - A full blockchain revolution! Embrace post2earn, pay-per-view, and top-notch anti-fraud protection. 🚀🛡️

Spot a project ready to soar? 🌟 Tag them! Let’s fuel their journey with #post2earn magic. #airdrop #BlockchainInnovation","Adpools,post2earn,airdrop,BlockchainInnovation",Tue Mar 05 08:49:52 +0000 2024
SaTT_Token,"🚀💰 Be part of the revolution! 🌟 Earn crypto just by tweeting! Join the early adopters and start earning tokens now with our #Post2Earn program. Don't miss out on this incredible opportunity! 🚀🔥 
#Crypto #SATT #airdrop #Giveaway","Post2Earn,Crypto,SATT,airdrop,Giveaway",Sat Mar 02 12:02:09 +0000 2024
SaTT_Token,"RT @artherachain: 🚀 Join us for the Build &amp; Create Arthera Ecosystem's first AMA session featuring deployed dApps on Mainnet! 🚀

Join us Ma…",,Thu Feb 29 17:28:42 +0000 2024
SaTT_Token,"💫 Swap SaTT on PancakeSwap anytime! Easy and efficient. 
Dive in now! 🚀 #SaTT #PancakeSwap #DeFi""
🔗https://t.co/PcNlz2iSbO https://t.co/APfQaxnbQX","SaTT,PancakeSwap,DeFi",Thu Feb 29 10:56:44 +0000 2024
SaTT_Token,"RT @JonBlackFR: Le réseau #Bitcoin a été fonctionnel 100% du temps depuis 2013, et 99.988% du temps depuis son lancement. https://t.co/cnQA…",Bitcoin,Thu Feb 29 09:51:46 +0000 2024
SaTT_Token,"Let's farm! 🚜
#post2earn #airdrop","post2earn,airdrop",Thu Feb 29 08:29:28 +0000 2024
SaTT_Token,"Happy to announce our participation at #StartinBlock by @ParisBlockWeek 🏆

Join us for a chance to win $10M in Prizes, pitch 100s of Investors, ... and much more! 🎤
 https://t.co/9vdqGo0sDg",StartinBlock,Wed Feb 28 21:04:57 +0000 2024
SaTT_Token,"🚀 Calling all crypto enthusiasts!
 We're on the hunt for testers for our innovative post2earn system on Twitter for our dApp, $SATT. 
Dive into the future of decentralized social media and earn while you engage. Interested?  #crypto #dApp #post2earn #SATT","crypto,dApp,post2earn,SATT",Wed Feb 28 12:43:22 +0000 2024
SaTT_Token,"Yes, our chart is a mess, no sugarcoating it.
We've taken hits, lost feathers, but guess what? 
We're still here, gearing up to flip the script with our #post2earn solution. SaTT's ready to lead the airdrop revolution. 
#Resilience #Airdrop #SaTT  💪🚀 https://t.co/rwsykqb84h","post2earn,Resilience,Airdrop,SaTT",Tue Feb 27 03:51:47 +0000 2024
SaTT_Token,RT @LLiober: Hé hé alors qui a testé la campagne #adpool @SaTT_Token ? Moi pour un tweet j' ai récupéré 108000 $satt  soit environ 12$ au c…,adpool,Mon Feb 26 14:45:35 +0000 2024
SaTT_Token,"RT @LLiober: Hé hé salut aujourd'hui je teste la nouvelle #adpool de chez @SaTT_Token !
Le but du projet gagner de la crypto grâce à votre…",adpool,Mon Feb 19 10:10:59 +0000 2024
DeSui_io,"RT @ton_blockchain: Gm 💎

Reply $TON + RT if you play on Telegram MiniApps! https://t.co/3uvVi9DrAu",,Mon Jun 17 05:57:52 +0000 2024
DeSui_io,"RT @HyperDustIO: 📢HYPER•AGI•MAINFRAME will be listed for sale on the major Runes exchanges at 2:00 UTC June 13th🚀

⏰Los Angeles, USA (Pacif…",,Tue Jun 11 05:50:51 +0000 2024
DeSui_io,"RT @superstring_bot: Superstring 1st Airdrop Mission🥳🥳🥳
Points Check Steps:
1. Click the airdrop link (https://t.co/Me2jRb9BOq)
2. Click ""C…",,Thu Jun 06 06:25:39 +0000 2024
DeSui_io,"Partnership Announcement  📢

We are delighted to announce the collaboration between

@DeSui_io and @superstring_bot

Superstring technology originates from quantum-related concepts and is committed to using decentralized computing power to integrate information flow and solve https://t.co/zHQrUbei0C","DESUI,NFT,socialFI,gamefi,mutilchain,launchpad",Wed Jun 05 06:40:19 +0000 2024
DeSui_io,"RT @DeSui_io: 🔥 $GXAI Airdrop! #GXAI x #DESUI: 1,000,000 $GXAI Tokens Up for Grabs!

🏆 50 Lucky Winners will be chosen in just 3 days!

How…","GXAI,DESUI",Thu May 30 02:02:57 +0000 2024
DeSui_io,"RT @trusty_fi: Exciting partnership alert! 🚨 

@trusty_Fi and @DeSui_io are joining forces to revolutionize SocialFi! 🤝

Desui is a unique…",,Wed May 29 23:57:35 +0000 2024
DeSui_io,"RT @cronos_chain: 🔊Calling all ambitious #DeFi, #NFT, #Gaming &amp; #SocialFi projects!

📝 Applications for Cronos zkEVM Launch Partners are no…","DeFi,NFT,Gaming,SocialFi",Wed May 29 02:16:51 +0000 2024
DeSui_io,"📢 Exciting News! The DeSui Zealy Sprint is Now Live!🚀

Join us in the thrilling DeSui Zealy Sprint and stand a chance to earn amazing rewards! This is your opportunity to dive into a world of fun and competition, and come out a winner.

🌟 What to Expect:
- Exciting Challenges:","DeSuiZealySprint,GameOn,EarnRewards,JoinNow",Tue May 28 11:47:20 +0000 2024
DeSui_io,"🔥 $GXAI Airdrop! #GXAI x #DESUI: 1,000,000 $GXAI Tokens Up for Grabs!

🏆 50 Lucky Winners will be chosen in just 3 days!

How to Participate:

1. Follow @GrokaiXxxx and @DeSui_io 
2. Quote/Retweet this post
3. Sign up on Desui: https://t.co/u4OUS3Uz07
4. Join the game GXAI https://t.co/s73nhPuvx1","GXAI,DESUI,GrokAI,Desui,TON,NOTCOIN",Tue May 28 09:51:01 +0000 2024
DeSui_io,"RT @grokaiXxxx: 🥊🥊🥊 Welcome to the meme world of GXAI Fighter! 

🔗  https://t.co/FlgiN6AOJS

🌐  https://t.co/jPksIBLBQg
📱  https://t.co/lKU…",,Sat May 25 04:32:08 +0000 2024
DeSui_io,"RT @binance: Another major milestone in crypto.

Welcome Spot #Ethereum ETFs. https://t.co/NelG8bvplF",Ethereum,Fri May 24 03:02:40 +0000 2024
DeSui_io,"🎉 Exciting News! Our Partner's  @grokaiXxxx is Now Live on DeSui! 🎉

We are thrilled to announce that one of our highly anticipated partner games @grokaiXxxx now live on the DeSui website! Dive into a thrilling new adventure where you can play and earn free tokens. This is a https://t.co/kCo7FgbX4H","desui,gxai,playtoearn,gamefi",Thu May 23 11:00:07 +0000 2024
DeSui_io,"RT @ThreeProtocol: 🟪 Partnership

Three Protocol has partnered with @desui_io, a unique SocialFi project that merges traditional social net…",,Thu May 23 06:27:28 +0000 2024
DeSui_io,"RT @ceexglobal: CEEX 🤝 Desui

#Desui is a unique SocialFi project that merges traditional social networking with DeFi, empowering content c…",Desui,Sat May 18 07:37:35 +0000 2024
DeSui_io,"🌍 Welcome to the vibrant African community of DeSui! 

Looking to connect with fellow Africans in the DeSui region? Look no further! Our community is a diverse melting pot, embracing cultures, languages, and traditions from across the continent. Whether you hail from Nigeria, https://t.co/wjL2EnOIAV","DeSuiCommunity,African",Fri May 17 07:18:03 +0000 2024
DeSui_io,"Partnership Announcement  📢

We are delighted to announce the collaboration between

@DeSui_io and @coin_inn

CoinInn, a WEB3 infrastructure service provider &amp; a CEX. We offer FREE services to optimize your roadmap, including auto-listing for tokens, fiat on-ramp, off-chain https://t.co/15ieuxBRfL","DESUI,NFT,socialFI,gamefi,mutilchain,CoinInn",Thu May 16 08:04:04 +0000 2024
DeSui_io,"📢 Attention DeSui Community Members! 📢

We have an important announcement regarding the submission of wallet addresses. Due to recent instances of impersonation, we're implementing a more secure method. 

Moving forward, we'll be setting up a dedicated section on our website https://t.co/vUZJcsFEa4",,Tue May 14 15:21:55 +0000 2024
DeSui_io,"Partnership Announcement  📢

We are delighted to announce the collaboration between

@DeSui_io and @BRCMTMT

MTMT SFT Liquidity Application Protocol🥇
💫MTMT SFT liquidity application protocol full name Meta-Transaction Management Tool (abbreviated MTMT Protocol) SFT liquidity https://t.co/O6q2cYbHQO","DESUI,NFT,socialFI,gamefi,mutilchain",Tue May 14 12:58:14 +0000 2024
DeSui_io,"📢 Attention Phase 3 Testers! 📢

Some exciting news, to further enhance the efficiency and streamlining of the reward collection process, we have created a new way for everyone to submit your wallet address. Therefore, we would like to request you use the form below to submit",,Mon May 13 06:57:29 +0000 2024
DeSui_io,"🎉 Attention all DeSui beta testers! 🎉

After weeks of anticipation and countless hours of hard work, we are thrilled to announce that the results for the participants in the 3rd phase of DeSui beta testing are finally out! 🚀 This phase has been a journey of collaboration,",,Fri May 10 17:23:08 +0000 2024
PortlSocialFi,focus,,Wed Feb 12 16:06:58 +0000 2025
PortlSocialFi,RT @cz_binance: A new era begins.,,Mon Jan 20 18:29:23 +0000 2025
PortlSocialFi,RT @jakepaul: Inauguration going great https://t.co/VTl3j1JHLG,,Mon Jan 20 13:34:37 +0000 2025
PortlSocialFi,"gm generational wealth seekers

with TGE around the corner for $PASS, so it's time we tell you all:

why token required?
explain number go up technology?

see Michael speaking at @investweb3forum about how Portl's unique approach at token utility ensures predictable buy pressure",,Wed Jan 15 08:48:51 +0000 2025
PortlSocialFi,Our head of Marketing Niall Ryan with some friends this past weekend in Abu Dhabi 👀📈  @thebreadbatch @Tam_Khan https://t.co/05FnCYh4tF,,Tue Dec 10 09:42:22 +0000 2024
PortlSocialFi,https://t.co/eM7uh4xeDH,,Wed Nov 27 18:59:42 +0000 2024
PortlSocialFi,🚨MISFITS QATAR GOES DOWN TOMORROW🚨‼️ SPEAKING WITH @carla_jjade @dawoodsavage and more ahead of tomorrow’s massive event! $PASS by at 11PM GST - 7PM BST and get involved @thebreadbatch   https://t.co/eM7uh4xeDH,,Wed Nov 27 17:05:00 +0000 2024
PortlSocialFi,$PASS coded,,Tue Nov 26 08:07:15 +0000 2024
PortlSocialFi,"Delighted to welcome Stuart Isted - founder of PayTech &amp; ex-GM of https://t.co/rMQGQTPaB2 MENA to the Portl board.

With over three decades of experience in financial services and fintech, Stuart Isted is a proven Managing Director known for his exceptional leadership in driving https://t.co/S2khLEQ7KO",,Tue Nov 19 15:15:33 +0000 2024
PortlSocialFi,RT @PortlSocialFi: https://t.co/WmjP3vLcKJ,,Tue Nov 19 07:15:01 +0000 2024
PortlSocialFi,https://t.co/WmjP3vLcKJ,,Tue Nov 19 06:54:58 +0000 2024
PortlSocialFi,https://t.co/504QF0vydp,,Mon Nov 18 19:00:00 +0000 2024
PortlSocialFi,"We’re covering all of this past weekends action with the 🐐 @Tam_Khan  tonight. 🔥🔥🔥 Special guests like @overtflow to join. Let’s get it 11pm tonight - 2PM EST -  11AM PST - Be sure to $PASS by 🎉

 https://t.co/504QF0vydp https://t.co/hyfJuQx9Gv",,Mon Nov 18 12:49:02 +0000 2024
PortlSocialFi,"🚨 MARKET IS GOING NUCLEAR 🚨 BEARS ARE IN DISBELIEF ‼️ $PASS by and get involved in the discussion 🔥  https://t.co/RyYTOMoIl9

12:30AM GST
9:30PM BST
3:30PM EST
12:30PM PT",,Tue Nov 12 16:31:31 +0000 2024
PortlSocialFi,BTC at $86k | Mike Tyson vs Jake Paul | Bull Market is back https://t.co/yfvjsnxCR3,,Mon Nov 11 19:23:37 +0000 2024
PortlSocialFi,https://t.co/HBVKFQuju3,,Mon Nov 11 19:00:19 +0000 2024
PortlSocialFi,Bullish Week 🔥 Mike Tyson vs Jake Paul goes down this Friday and Bitcoin hits historic all time high‼️ $PASS by tonight as we  discuss with special guests 📈🥊🐂   https://t.co/HBVKFQuju3,,Mon Nov 11 12:36:17 +0000 2024
PortlSocialFi,Honor to have President Trump $PASS by the latest space 🇺🇸📈,,Fri Nov 08 10:22:10 +0000 2024
PortlSocialFi,RT @thebreadbatch: @EthereumTrump Mr Trump speaks on Jake Paul vs Mike Tyson - @PortlSocialFi https://t.co/JBtdWbmHvB,,Fri Nov 08 10:20:49 +0000 2024
PortlSocialFi,"gm.

ATH for $BTC &amp; Trump elected? lfg 🚀

The perfect way to top off two weeks of elite crypto events at @BlLife_Forum &amp; @Binance 💯

Here's one of the @PortlSocialFi side-events we hosted &amp; an example of what you'll find on the Portl app every week - bullish? 👀

Over 3000 https://t.co/pmrsL3fB8p",,Wed Nov 06 12:22:24 +0000 2024
multiverse_play,"😜 Exciting Times at Hitch Interactive! 🚀
Join us in celebrating the launch of #HitchLearn #HitchPlay #HitchCompete on @QuestN_com! 🎉
🎁 Spread the word and grab your slice of the sizzling 500 $USDT rewards! 🎊
👉 Ready to join the fiesta?👇https://t.co/jmmMVyHXKR
#QuestN","HitchLearn,HitchPlay,HitchCompete,QuestN",Mon Oct 23 06:27:00 +0000 2023
multiverse_play,"RT @IZUMOofficial: [SAI by IZUMO #6: Exclusive Time-Limited Offer]

At last, the artwork from @_NaokiSaito is here. Secure yours now👉 https…",,Fri Sep 08 02:07:36 +0000 2023
multiverse_play,"@multiverse_play is honored  to receive the grand from @EOSnFoundation 🥳. 

Thanks to ur support! 

We will continue to build on the Ethereum ecosystem🔥.

#Ethereum #web3 https://t.co/3A5oxYXTFC","Ethereum,web3",Thu Mar 16 18:21:14 +0000 2023
multiverse_play,"🥁Official Partnership Announcement w/ @BlessGlobal , the first AAA #GameFi  MMORPG featuring immersive aesthetics. 

@multiverse_play incubator provides traffic promotion &amp; operation consulting services for BG to build a superior #metaverse experience for players. https://t.co/DhBFdZnl1H","GameFi,metaverse",Tue Feb 28 09:55:50 +0000 2023
multiverse_play,"RT @CGVFOF: (1/4) 2022, an extremely unusual year for the crypto industry, is going through a long winter, but we have not stopped. In the…",,Fri Feb 10 10:50:18 +0000 2023
multiverse_play,"@multiverse_play has received a grant from @Google 🙌 .

Thank you to everyone who has supported us. New product on the way👉stay tuned!

#Crypto #startup #MVP #BUIDL https://t.co/8sRNlCikKY","Crypto,startup,MVP,BUIDL",Fri Jan 13 05:11:54 +0000 2023
multiverse_play,"RT @CGVFOF: We released the latest Crypto Review research report ""Tokyo Web3 Summer Hackathon Special Issue: Crypto Review (Nov 2022) diges…",,Wed Dec 21 04:05:15 +0000 2022
multiverse_play,"🥳To celebrate @EverLandDAO's Crazy Thanksgiving, we're launching an #airdrop:

⌛Nov 19 - Nov 21

1. 15 x Fuji Golden Hall Building Card. Only for #Decentraland landlords to exchange.

2. ETA. Everyone can get #EstateTrade Token airdrop

TASK: https://t.co/Jg21QPa9Rz
#giveaway https://t.co/Gm7A2txhYh","airdrop,Decentraland,EstateTrade,giveaway",Sat Nov 19 02:35:19 +0000 2022
multiverse_play,"RT @joinamg: 🍾The day has finally come! 🎉

Couldn't be prouder to announce our official inclusion in the @YieldGuild family! Staying focuse…",,Tue Nov 08 16:02:03 +0000 2022
multiverse_play,"🔥🔥We win the first #web3 #hackathon  of Japan🇯🇵! 🔥🔥

🌸🌸Let's meet in Tokyo 2023 together!🌸🌸
#metaverse #Crypto #P2E #TWSH","web3,hackathon,metaverse,Crypto,P2E,TWSH",Tue Nov 08 13:16:15 +0000 2022
multiverse_play,"RT @metafameapp: Don't you just love Halloween? We do!🧟‍♀️

Join us for a spooky time and get ready to trick or treat!🎃

We will be having…",,Thu Nov 03 13:47:40 +0000 2022
multiverse_play,"RT @multiverse_play: Happy 14th birthday to Satoshi Nakamoto's whitepaper!
#bitcoin #SatoshiNakamoto #BitcoinWhitePaperDay #Metaverse #mult…","bitcoin,SatoshiNakamoto,BitcoinWhitePaperDay,Metaverse",Tue Nov 01 15:52:19 +0000 2022
multiverse_play,"Happy 14th birthday to Satoshi Nakamoto's whitepaper!
#bitcoin #SatoshiNakamoto #BitcoinWhitePaperDay #Metaverse #multiverseplay https://t.co/Tr6M2d6WCN","bitcoin,SatoshiNakamoto,BitcoinWhitePaperDay,Metaverse,multiverseplay",Tue Nov 01 15:06:19 +0000 2022
multiverse_play,"About Smart2Earn, which definition do you recognize most?
🇦A Web3 task publishing platform
🇧An X2Earn NFT management tool
🇨A game wallet to efficiently manage users' game assets
🇩A social tool to build social relationships between players based on Earning tasks
#cryptomarket",cryptomarket,Fri Oct 28 14:56:51 +0000 2022
multiverse_play,"😆Need a little help here! 😆

The name of our To B platform still needs to be set. Investors suggested that our To B platform be called ""Multiverse Place"". What do you think❓
#multiverseplay #web3 #metaverseproject #influencers #multiversespace #CryptoNews https://t.co/BPQDQRNXqQ","multiverseplay,web3,metaverseproject,influencers,multiversespace,CryptoNews",Fri Oct 28 04:47:01 +0000 2022
multiverse_play,"📢Would you like to know more about our to B platform?📢 

All you wish to know is in the fresh new white paper📑. Check it out👇👇: 
https://t.co/JHvCZe6voa
#Metaverse #CryptoInvestor #Multiverseplay #NFT #web3promotion https://t.co/kHyW0D9BuW","Metaverse,CryptoInvestor,Multiverseplay,NFT,web3promotion",Wed Oct 26 15:13:25 +0000 2022
multiverse_play,"We are working on meeting the needs of #web3 users and businesses.
We will have two services soon. To C platform, which we call #Smart2Earn, to solve the high threshold problem of the Web3 product experience. And one To B platform, the Crypto community for market operators.
#Meta https://t.co/TDCJYI9Ku7","web3,Smart2Earn,Meta",Tue Oct 25 15:12:15 +0000 2022
multiverse_play,"What did we do in the past 30 days?
With the experience of awards in two hackathons, we are designing an exciting new platform! A Crypto hub for market operators. Also, a Go-To-Market platform. We believe it will change the existing Go-To-Market landscape. 
#multiverseplay #Web3 https://t.co/1ssdOo3t9K","multiverseplay,Web3",Mon Oct 24 14:59:55 +0000 2022
multiverse_play,"RT @tapfantasy2021: 🎊$8,000 S3 - Rise #Giveaway !🎊

Step by step, #TapFantasy  will be left to you to witness.
Let more people see our effo…","Giveaway,TapFantasy",Fri Oct 21 05:47:11 +0000 2022
multiverse_play,"Worried about the future of Web3 business? Check this:
https://t.co/l2oqTFGpJV
The only problem is: you need to know Chinese.
#metaverse  #web3promotion #cryptoworld","metaverse,web3promotion,cryptoworld",Fri Oct 21 00:17:47 +0000 2022
crbnio,RT @crbnio: Another insane BattleTanks session with 15 Carbon users going at it! Good luck staying alive for more than 10 seconds at a time…,,Wed Jun 05 10:53:46 +0000 2024
crbnio,"RT @crbnio: A quick Carbon update:
https://t.co/hnuf2JDyI0",,Wed Jun 05 10:53:40 +0000 2024
crbnio,"A quick Carbon update:
https://t.co/hnuf2JDyI0",,Wed Jun 05 05:51:06 +0000 2024
crbnio,"Another insane BattleTanks session with 15 Carbon users going at it! Good luck staying alive for more than 10 seconds at a time. Luckily it's FREE! There's a Super Session every 3 hours, every day! https://t.co/yP2Yk2nRte https://t.co/Z7oVaZJzVw",,Sun Jun 02 13:13:19 +0000 2024
crbnio,"This is your memecoin dev 5 minutes after you ape in. Stick with the established, trusted cryptos. $CARBON https://t.co/yP2Yk2nRte",,Thu May 30 23:11:30 +0000 2024
crbnio,"There's a DOGFIGHT Super Session in 25 minutes. You have time to join Carbon, say hello and join the session. Game entries are FREE during Super Sessions and you collect real $CARBON tokens. Users collect up to 500 tokens per session! https://t.co/Bjne0Hn2VF",,Fri May 24 09:34:45 +0000 2024
crbnio,"RT @crbnio: More BattleTanks madness 🔥 Play free, get $CARBON loot! https://t.co/Bjne0Hn2VF https://t.co/m55kP6hGyS",,Fri May 24 08:23:58 +0000 2024
crbnio,"More BattleTanks madness 🔥 Play free, get $CARBON loot! https://t.co/Bjne0Hn2VF https://t.co/m55kP6hGyS",,Thu May 23 07:12:28 +0000 2024
crbnio,Coming soon: 500 is no longer the pinnacle of domination in BattleTanks or DogFight. Who will be the first to get these badges? https://t.co/rTFfQu8ou8,,Wed May 22 06:21:15 +0000 2024
crbnio,"THE MOST FUN YOU CAN HAVE IN CRYPTO. Play FREE, collect crypto. If you aren't playing the Super Sessions, you're LOSING. #DOGFIGHT 
https://t.co/Bjne0Hn2VF https://t.co/d53uKACzQk",DOGFIGHT,Mon May 20 10:18:09 +0000 2024
crbnio,"Check out how much $CARBON users are earning, with free entries! Beats crappy little airdrops, earn more and have more fun on Carbon! #airdrop #play2earn #playtoearn https://t.co/7DQs9po7nZ","airdrop,play2earn,playtoearn",Mon May 20 07:20:24 +0000 2024
crbnio,More BattleTanks madness 🔥 Free entry and collect $CARBON loot you can cash out and trade in minutes? What are you waiting for? https://t.co/yP2Yk2nRte https://t.co/wmtg2Qs3Kb,,Mon May 20 07:13:38 +0000 2024
crbnio,"RT @Krypt1c___: @crbnio Very fun games on $CARBON, and there are great P2E opportunities.  Also, all Super Sessions are now free, so you ha…",,Sat May 18 09:54:23 +0000 2024
crbnio,"DOGFIGHT Super Session in 7 minutes 🔥🔥🔥
FREE entries, collect a huge bag of $CARBON loot! Still time to join https://t.co/yP2Yk2nRte https://t.co/76cOrav7gQ",,Sat May 18 09:53:31 +0000 2024
crbnio,That was insane. Absolute chaos. https://t.co/Bjne0Hn2VF https://t.co/S1GwAPH1gX,,Fri May 17 13:13:36 +0000 2024
crbnio,BattleTanks Super Session in 20 minutes! Still time to join Carbon and have a go - it's FREE to play during Super Sessions and you pick up real $CARBON tokens! https://t.co/yP2Yk2nRte https://t.co/p8WXwikhFx,,Fri May 17 12:41:06 +0000 2024
crbnio,"BattleTanks Super Sessions are a lot of fun! Anything over 5 players really leaves nowhere to hide, and the generous bonus loot $CARBON during Super Sessions creates a mad scramble. There are 4 of these every day, FREE! Join https://t.co/yP2Yk2nRte now and be ready! #P2Egaming https://t.co/wNDjVUgPLY",P2Egaming,Fri May 17 07:17:07 +0000 2024
crbnio,BattleTanks Super Session in 10 minutes!,,Fri May 17 06:49:30 +0000 2024
crbnio,RT @crbnio: FREE game entries during Super Sessions!! 🔥 Get your friends to join you on https://t.co/yP2Yk2nRte - Nothing to lose and every…,,Fri May 17 02:26:27 +0000 2024
crbnio,"RT @crbnio: Introducing our newest collectibles - coming soon:
https://t.co/kIoGnvPWtc",,Thu May 16 15:11:20 +0000 2024
SpaceMworld,"🏆🏀 The #SpaceM77 Challenge has ended!

A huge THANK YOU to everyone who participated and showed love for Luka &amp; #SpaceM! 🌐

Your creativity was amazing! 🎨🔥

🎉 The winners have been selected, and the 7,700 $SPACEM rewards will be distributed within the next 24 hours.

📩","SpaceM77,SpaceM",Mon Feb 17 12:00:02 +0000 2025
SpaceMworld,"🔮 The flippers are warming up... 🎱

Another Pinball Event is rolling in today at 4PM CET! 🔥

What’s the prize? Guess you’ll have to stay tuned to find out… 👀💰

#SpaceM #AVAX🔺","SpaceM,AVAX",Mon Feb 17 10:08:25 +0000 2025
SpaceMworld,"🤝 Partnership Announcement: SpaceM x CoinNET @coinnetcom!

We’re excited to announce our official partnership with CoinNET to grow and strengthen the Turkish-speaking #SpaceM community! 🎉

With #CoinNET’s expertise in crypto marketing and community building, we’re committed to https://t.co/zDtmaz6JlQ","SpaceM,CoinNET",Mon Feb 17 07:39:28 +0000 2025
SpaceMworld,"GM Fam!

Sunday might be chill, but not for the #SpaceM team! 💪🚀

We’re grinding daily to deliver the ultimate Web3 social &amp; gaming hub. Big things ahead! 🔥 $SPACEM 

#SPACEM #AI #AVAX🔺","SpaceM,SPACEM,AI,AVAX",Sun Feb 16 08:30:00 +0000 2025
SpaceMworld,"Big congrats to PRIMOZ BRODNJAK on becoming FIRST ever in the world SpaceM’s  INTERNATIONAL AMBASSADOR 🏆🐒 

Want to be an ambassador too? Here’s how:💸 
1️⃣ Buy a #Node  
2️⃣ DM us to get your personal BUY code  
3️⃣ Share your code with others &amp; earn 10% on every #Node sold with https://t.co/dA0bpSm7fX","Node,Node",Sat Feb 15 15:16:09 +0000 2025
SpaceMworld,"🚀 #SpaceM: The ultimate Web3 Social Media &amp; Gaming Hub!

All-in-one destination for the Web3 community, blending social engagement, gaming, and innovation like never before. The future of Social Media starts here! 🌐",SpaceM,Sat Feb 15 07:01:00 +0000 2025
SpaceMworld,"🎉 The 4th #SpaceM Pinball Event just wrapped up with a record-breaking turnout!

👾 Participants: 350+
💰 DOUBLED Reward Pool: 1000$ worth of $SPACEM

Congrats to the winners! 🔥 
Rewards will be distributed in 24hrs.🏆 https://t.co/I5PjU9LFkv",SpaceM,Fri Feb 14 14:00:00 +0000 2025
SpaceMworld,"🕹️The #SpaceM Pinball Event ends today at 4PM CET. 

If we reach 300 players the reward pool DOUBLES 💰💰

There is still time to invite your friends ⏰",SpaceM,Fri Feb 14 08:00:03 +0000 2025
SpaceMworld,"🏀 Celebrate Slovenia’s greatest No. 77 with SpaceM!

🔥 The Challenge: Win 7,700 $SPACEM tokens!

💰 How to Enter:
 1️⃣ Like, Follow &amp; RT 🔁
 2️⃣ Post a creative post about Luka &amp; SpaceM using #SpaceM77
 Example: ""Luka dominates the court, SpaceM rules the blockchain! 🚀🏀""
 3️⃣ https://t.co/Oebmpcyobr",SpaceM77,Fri Feb 14 07:00:01 +0000 2025
SpaceMworld,"🎉 Record-breaking turnout at the latest #SpaceM Pinball Event!

🚀 159 players so far—let’s hit 300 to DOUBLE the reward pool!

💰Current pool: 500 $USDC in $SPACEM 
 Invite your friends &amp; boost the challenge! https://t.co/5JHtkpEsIJ",SpaceM,Thu Feb 13 09:50:32 +0000 2025
SpaceMworld,"🚀 NEXT WEEK, we’re deploying our #AI agent with its own identity! 🤖

It’ll post updates, engage with users, share exclusive #SpaceM content &amp; track market activity. 
Stay tuned! 👀

#AVAX 🔺 https://t.co/5JxoFlfdCY","AI,SpaceM,AVAX",Thu Feb 13 06:47:11 +0000 2025
SpaceMworld,"GM $SPACEM fam! ☀️

We’ve successfully distributed the rewards for the previous #Raid2Earn campaign manually. ✅

We deliver as promised, always. 💙
🔹 Distributed: 2.7M $SPACEM
🔹 Transactions: 411
#SpaceM","Raid2Earn,SpaceM",Wed Feb 12 08:00:18 +0000 2025
SpaceMworld,"Hey @CoinMarketCap, we’ve just submitted the form for our circulating supply.",,Tue Feb 11 19:05:25 +0000 2025
SpaceMworld,"$SPACEM is better 🚀
$SPACEM is growing 🚀
$SPACEM is here to stay.🚀
$SPACEM is live 🚀",,Tue Feb 11 12:00:01 +0000 2025
SpaceMworld,"🚨Attention #SpaceM Community

We will MANUALY reward participants of our last #Raid2Earn campaign! The 2.7M $SPACEM tokens that were yet to be distributed are now on their way 🏆

We've extracted wallets &amp; XP, and distribution has begun. Expect your tokens soon!

Your support https://t.co/DsYqqtxVvZ","SpaceM,Raid2Earn",Tue Feb 11 08:15:20 +0000 2025
SpaceMworld,https://t.co/MqbqzgpcSw,,Mon Feb 10 12:00:02 +0000 2025
SpaceMworld,"#SpaceM will be the one place where influencers can monitize their content like never before. They will be able to turn their content into NFTs and sell them directly on our platform 🌐🎨

Imagine your post going viral… 💥 With one click, it’s an NFT ready to sell!

#AVAX 🔺 https://t.co/SnKcjRwVf9","SpaceM,AVAX",Mon Feb 10 06:37:54 +0000 2025
SpaceMworld,"It’s Sunday! Time to kick back with that extra cup of coffee ☕

To make your day even sweeter, we’re giving away 500k $SPACEM tokens!

Like, repost, bookmark and drop a ""GM $SPACEM"" with your #AVAX wallet address in the comments to win!",AVAX,Sun Feb 09 08:00:00 +0000 2025
SpaceMworld,"The 4th #SpaceM Pinball Mini-Game Event is LIVE 🚀

🏆 500 $USDC worth of $SPACEM tokens up for grabs!
🎁 300+ players = Reward pool DOUBLES!
🔑 Entry Fee: 300 Credits

📅 Feb 8 – Feb 13

Sign up, invite friends &amp; win! 💥
🔗 https://t.co/1vWDzZ36cP https://t.co/1I4kFkbEQH",SpaceM,Sat Feb 08 15:00:00 +0000 2025
SpaceMworld,"🚀 Over 350 #SpaceM Nodes sold in the last 7 days!

⏳ 950 Nodes left at $800 each—price rises to $1000 per Node after.

Benefits:
🔹 Earn ≈ 4000 $SPACEM daily
🔹 Become a company SHAREHOLDER 
🔹 Access the exclusive #VIP community https://t.co/zdHordbMWi","SpaceM,VIP",Sat Feb 08 10:00:01 +0000 2025
ApolloFi1,"😍Testnet Registration is open, and early access to the network 

👉Enter: https://t.co/m6AmmYuPhh 

If you have some questions or suggestions, don't hesitate to tell us!🫡",,Mon Nov 28 07:53:06 +0000 2022
ApolloFi1,"🚨 ApolloFi fans, now testnet  is LIVE!

Always good to be early especially when cost you nothing.

@ApolloFi1 Alpha version on #BSC #PolygonNetwork   #Ethereum has been launched. Let's give it a try. 

⭕️ Don't forget to like and RT / Let your friends know
#ApolloFi 🕵️‍♂️⚡️🪂 https://t.co/U0uYmSFf1V","BSC,PolygonNetwork,Ethereum,ApolloFi",Thu Nov 24 06:19:29 +0000 2022
ApolloFi1,"Closer, more truth🦖

Looking back on our days, we will definitely be more than wonderful😝",,Thu Nov 24 04:48:04 +0000 2022
ApolloFi1,"😈The ApolloFi Testnet will be available🌱

How 😍excited and tell us which are you looking forward to the most. https://t.co/02JThksFh7",,Wed Nov 23 03:39:07 +0000 2022
ApolloFi1,"🤑Never🤑

Twitter will grow beyond anyone's imagination🐦",,Wed Nov 23 03:27:32 +0000 2022
ApolloFi1,😝Can't wait for the arrival of #Web3 social world,Web3,Fri Nov 18 02:28:41 +0000 2022
ApolloFi1,"RT @cz_binance: There are honest mistakes you can recover from.

But once your credibility is gone, you are done.",,Wed Nov 16 04:10:49 +0000 2022
ApolloFi1,#ApolloFi LFG!⚽️,ApolloFi,Wed Nov 16 02:45:23 +0000 2022
ApolloFi1,More people will enter the #web3 world and enjoy the crypto strength🌿,web3,Wed Nov 16 02:44:28 +0000 2022
ApolloFi1,"Winter will be cold☃️, but please look forward to the sprouts next spring🌱🌿

🫡Transparency and self-renewal are very necessary to meet the #SocialFi market

Let's keep building and be a #BUIDL","SocialFi,BUIDL",Tue Nov 15 02:30:43 +0000 2022
ApolloFi1,"❤️New project in less than 2 months to launch

We 🦖our community and can't wait to keep rebuilding, activating with more #web3 builders

What is your favorite feature to follow on #ApolloFi😊 https://t.co/33DPfmt1IU","web3,ApolloFi",Mon Nov 14 08:14:07 +0000 2022
ApolloFi1,"The wild land of web3 ❤️needs to be updated and rebuilt urgently

What's your favorite collection? Leave your #NFTs 🍃",NFTs,Sun Nov 13 12:01:35 +0000 2022
ApolloFi1,"🧐In just 3 days, things are unpredictable！

Freedom of speech, as a basic right, is also a signal👹. If it is too free, will it turn into a signal to manipulate the market?

🐦What is the healthy freedom in #CryptoMarkets? Leave your opinions in the telegram🎃",CryptoMarkets,Wed Nov 09 07:55:26 +0000 2022
ApolloFi1,"😎Do you remember the little dinosaur image of ApolloFi?🐲Cute, amusing🦖

Now, the brand is being upgraded and you will see a new brand image, including the little dinosaur😈

🧐And guess what the new logo will be like?🎃👹 https://t.co/eZL7r2D3Tp",,Mon Oct 31 03:41:37 +0000 2022
ApolloFi1,"Congrats, #SocialFi maybe come early and especially the #web3 data🍃🍃","SocialFi,web3",Mon Oct 31 03:21:02 +0000 2022
ApolloFi1,"GM🍃 with the acquisition of Twitter this Friday.

Will Twitter's growth sail to #web3🤔?",web3,Thu Oct 27 04:30:07 +0000 2022
ApolloFi1,"🧐**Have you heard the butterfly effect **?

The collision of #Web3 and #brands have reached the eve of the explosion, which is the status quo🍃🍃

The disruptive positive of brands is happening, #ApolloFi tries to find the core meaning of web3 with the brand upgrade, stay tuned!","Web3,brands,ApolloFi",Thu Oct 20 02:38:59 +0000 2022
ApolloFi1,"The current #web3 collaboration system is still imperfect and it only covers contractual identity but lacks🤖relational identity.

While contract only talks rules, relationship involves personal traits and subjective judgments. 

🤔So what is your expectation for web3?🌿",web3,Tue Oct 18 02:50:14 +0000 2022
ApolloFi1,"🥳NEW BRAND UPGRADE

#ApolloFi is about to launch a new identity — ""The Brand Upgrade"" 

🥰A new identity will bring a new social experience to our users and community and bring social closer🍃🌿

More details: https://t.co/y7kt8D7pcp",ApolloFi,Mon Oct 17 12:15:13 +0000 2022
ApolloFi1,"🤔New to ApolloFi? Here are 3 easy steps to enter and start #social 🗣️

1⃣Enter https://t.co/QXxZI8xS7z
2⃣Sign 
3⃣Create your private 

ApolloFi is still committed to building a bridge for web2 users to #Web3, just enjoy yourselves!🥰","social,Web3",Fri Oct 14 02:03:31 +0000 2022
RuBaRu_app,"💖 This Valentine’s Day, we celebrate the perfect match — RuBaRu &amp; our amazing Community! 💑

At RuBaRu, we believe in meaningful conversations, genuine bonds, and the beauty of shared experiences. Whether it’s friendships, love, or the passion that fuels your journey, let today https://t.co/uZy0RagoU9","decentralized,RuBaRu,DecentralizedLove,SocialFI",Fri Feb 14 11:50:42 +0000 2025
RuBaRu_app,"Tired of social media platforms treating you like the product? 🤯

💫 #RuBaRu flips the script! Built on Web3, it’s not just about sharing moments-it’s about owning them. 

✅ Your content, your control, your rewards. 

Ready to break free? 🚀 

#RuBaRu #ICP #Dfinity #Web3Social https://t.co/Jd9dH4IsFA","RuBaRu,RuBaRu,ICP,Dfinity,Web3Social",Wed Feb 05 15:54:37 +0000 2025
RuBaRu_app,"🚀 Boom! Sunday Scoop: Something COOL is brewing inside #RuBaRu!  

We're wrapping up Dfinity Dev Milestones 1 &amp; 2, unlocking next-level creator tools, smart content tagging, mentions, and enhanced discovery! 💡🔥  

But that’s not all… 👀  

Our devs are solving a major https://t.co/9rLHt70BBL","RuBaRu,RuBaRu,SocialFi,ICP,Dfinity,ComingSoon",Sun Feb 02 14:20:52 +0000 2025
RuBaRu_app,"RT @kristoferlund: VetKeys is one of the coolest upcoming #ICP features! In short, vetKeys allows smart contracts to hold secrets, which is…",ICP,Fri Jan 31 14:18:08 +0000 2025
RuBaRu_app,"Happy Lunar New Year! 🐉🌟

The Year of the Dragon symbolizes strength, wisdom, and bold moves-just like #RuBaRu’s mission of revolutionizing decentralized conversations.

💬 Empowering free speech in Web3
🔐 Privacy-first, censorship-resistant interactions
🌍 A global stage for https://t.co/PiKmkCmKMM","RuBaRu,RuBaRu,ICP,Dfinity,Web3Social,LunarNewYear,YearOfTheDragon",Wed Jan 29 16:37:11 +0000 2025
RuBaRu_app,"📢 Partnership Announcement 🚀

We are thrilled to announce an exciting partnership between #RuBaRu and @grandgangstaci, an innovative third-person, story-driven experience set to revolutionize open-world gaming! 🎮✨

#GGC is redefining the gaming landscape with unique https://t.co/f4BLwFQQNo","RuBaRu,GGC,RuBaRu,GGC,ICP,Dfinity,Partnership,Web3Gaming",Mon Jan 27 16:39:43 +0000 2025
RuBaRu_app,"RT @grandgangstaci: We are glad to announce that @grandgangstaci has partnered🤝 with @RuBaRu_app. 

Rubaru is A decentralized, community-dr…",,Mon Jan 27 16:38:30 +0000 2025
RuBaRu_app,"What better validation is needed than creators themselves recognizing what can solve their pain points!

@dfinity @DFINITYDev @dominic_w 

👇",,Mon Jan 27 14:43:07 +0000 2025
RuBaRu_app,"Truly devastating to see years of effort wiped out in moments—imagine the pain 💔 This highlights why platforms like #RuBaRu are more crucial than ever. A decentralized ecosystem where creators have true #ownership of their content, profiles, and audiences—free from the risk of","RuBaRu,ownership,Decentralization,CreatorEconomy,ICP",Mon Jan 27 03:24:33 +0000 2025
RuBaRu_app,"RT @bitgertbrise: 🚀 Bitgert x RuBaRu  Partnership 🚀

We’re thrilled to announce our Partnership with @Rubaru_app

💥  RuBaRu DApp is buildin…",,Sat Jan 25 16:41:33 +0000 2025
RuBaRu_app,"🚀 #RuBaRu x #Bitgert: A Game-Changing Partnership! 🚀

We’re thrilled to announce our partnership with @bitgertbrise, a leader in crypto innovation known for its ultra-fast blockchain (100k+ TPS) and zero-fee centralized exchange.

This collaboration brings incredible benefits https://t.co/ZWQtUK6mWu","RuBaRu,Bitgert,RuBaRu,Bitgert,Dfinity,ICP,Crypto,Partnership",Sat Jan 25 13:04:57 +0000 2025
RuBaRu_app,"🚨 Exciting News from #RuBaRu! 🚨

We’re thrilled to announce our partnership with @Secretagentsai, a pioneering project that integrates blockchain and AI to deliver state-of-the-art privacy and security solutions.

This partnership is a significant step forward for the RuBaRu https://t.co/qOhNypUuhc","RuBaRu,RuBaRu,SecretAgentsAI,Blockchain,Privacy,AI,Partnership",Fri Jan 24 17:26:44 +0000 2025
RuBaRu_app,"RT @Secretagentsai: 🛑 We're excited to share that Secret Agents AI is partnering with @RuBaRu_app 🛑

🏹 What is RuBaRu ?

💥  RuBaRu DApp is…",,Fri Jan 24 15:20:38 +0000 2025
RuBaRu_app,"RT @dfinity: After the excitement of #WorldComputerDay in Davos, @dominic_w and @IanKhanFuturist, host of The Futurist on @PrimeVideo, sat…",WorldComputerDay,Fri Jan 24 15:13:59 +0000 2025
RuBaRu_app,"🔥 Exciting Partnership Announcement! 🚀

#RuBaRu is thrilled to partner with @COWGameFi , the groundbreaking 3D MMORPG blockchain game by Seven Circle! 🎮🌐

This collaboration bridges immersive gaming with social interaction, giving the RuBaRu community access to an expansive https://t.co/ZlLYl47O61","RuBaRu,RuBaRu,ICP,ChroniclesOfWarcraft,Web3Gaming,Partnership,Metaverse",Thu Jan 23 07:33:24 +0000 2025
RuBaRu_app,"RT @COWGameFi: 🥳 Exciting collaboration alert!

💥 We are excited to partner with @RuBaRu_app

RuBaRu #DApp is building the next generation…",DApp,Thu Jan 23 05:42:48 +0000 2025
RuBaRu_app,"🔥The Wait is Over! CATALYST Role Program Launches Today! 🚀

⚡️Ready to lead the RuBaRu Revolution? Here’s your chance to shine! 🌟

💼What’s the Task?
 Share your amazing experience using the RuBaRu app on Twitter, tagging our official handle! 🗨️📲

 💰 Rewards:   

• Dive https://t.co/oAzrrd0mk7","RuBaRu,RuBaRu,CATALYST,ICP,Dfinity,Web3Community,RewardProgram,Decentralizedmedia",Wed Jan 22 04:47:32 +0000 2025
RuBaRu_app,"🚨 The TikTok Shutdown: A Reminder of the Need for Decentralized Social Media

The uncertainty surrounding @tiktok_us future raises a critical question-how can creators ensure stability, data protection, and fair opportunities on centralized platforms?

At #RuBaRu, we believe the","RuBaRu,RuBaRu,tiktokban,Web3,DigitalFreedom,DecentralizedRevolution",Mon Jan 20 18:18:42 +0000 2025
RuBaRu_app,"RT @radudeicp: By popular demand, here is the #ICP Ecosystem Map with names next to each project. Which one is your favourite? 
https://t.c…",ICP,Mon Jan 20 12:31:21 +0000 2025
RuBaRu_app,"🚀 Big News: RuBaRu x PandaTap Partnership! 🎉

We’re excited to announce our partnership with @Pandatapcoin, the ultimate fun and rewarding tapping game that’s taking the Web3 world by storm! 🌟

As part of this collaboration, we’re introducing 5 CATALYST Roles exclusively for https://t.co/wOrNV9J7St","CATALYST,RuBaRu,PandaTap,Catalyst,Web3,Partnership",Fri Jan 17 04:32:02 +0000 2025
DeCapital_DCT,"Understanding DAO in a simpler way🤭

🎃The fascinating part about DAO is that it shows how digital communities can come together to make decisions without traditional intermediaries.

https://t.co/LjXmMoqU4i",,Mon Feb 17 06:07:08 +0000 2025
DeCapital_DCT,"💡 No intermediaries, no limitations, every voice can be heard

The DAO governance model ensures that every participant has a voice, and every decision represents the convergence of decentralized wisdom🪐

🪺Whether you are an investor, developer, or anyone who wants to change https://t.co/V6OMmERaVV","InnovationExperiment,Blockchain,DAO,FutureFinance,GlobalParticipation,DecentralizedFinance",Sun Feb 16 03:42:50 +0000 2025
DeCapital_DCT,"Without the black box of market makers and the privileges of the founding team,🫨 the autonomous kingdom created by DE-Capital is staging the most radical decentralized experiment in the history of DeFi.👑

Do you want to join us?👁️

#DECapital #Decentralization #DeFiRevolution https://t.co/CZpbvd3ihE","DECapital,Decentralization,DeFiRevolution,TransparentFinance",Sat Feb 15 05:37:43 +0000 2025
DeCapital_DCT,"🌟 Creativity exists in each of us 🌟
It is our human trait, starting from a simple idea and transforming into the power to change the world. 💡

At DE-Capital, we believe that the desire to create, the wisdom to solve problems, and the power to play, share, and interact can https://t.co/iDDVxpGDMO","DECapital,DAO,Decentralization,Creativity",Fri Feb 14 07:38:15 +0000 2025
DeCapital_DCT,"🥳DE-Capital is pleased to attend the NFT Paris Summit!

DE-Capital joins hands with the global creative industry to build a decentralized digital asset ecosystem💥

🎨Explore the infinite possibilities of NFT and let art and financial innovation collide to create sparks

Tell us https://t.co/SAnhnTyGvs","NFTParis,DECapital,DigitalAssets,Blockchain",Thu Feb 13 06:39:06 +0000 2025
DeCapital_DCT,"⏰ 1 day left! ⏰
🚀 Are you ready?

📅 Meeting time: February 13th
📍 Location: NFT Paris Summit

#Countdown #DECapital #NFTParis2025 https://t.co/ErfXVPS9lN","Countdown,DECapital,NFTParis2025",Wed Feb 12 06:21:21 +0000 2025
DeCapital_DCT,"As the world's leading decentralized financial service provider, DE-Capital is reshaping the infrastructure of the financial ecosystem.🔏

🔋Based on advanced smart contracts and multi-chain compatible technologies, 🍾our ecosystem seamlessly connects multiple assets, liquidity https://t.co/r3eL9M3x53","DeFi,BlockchainTechnology,FinancialRevolution,DECapital",Tue Feb 11 06:17:23 +0000 2025
DeCapital_DCT,"🎉 Guess where we are now? 🎉
🌍 DE-Capital ads are everywhere! Have you seen us?
To welcome the arrival of NFT Paris, DE-Capital has prepared a Paris-exclusive display! ✨

🚀 The power of decentralized finance is about to sweep the city!
📅 See you in Paris on February 13th! 👋 https://t.co/VxmMa7ANrd","DECapital,NFTParis,Decentralization,Web3",Mon Feb 10 06:37:04 +0000 2025
DeCapital_DCT,"""This is not a picture, this is my digital asset!""🚀

🔮 DE-Capital connects NFT and wealth!

Come on, not only watch and collect, now you can also participate in wealth growth through them! 💸
#NFT #DECapital #DecentralizedFinance #DigitalArt https://t.co/YfGu01mHD6","NFT,DECapital,DecentralizedFinance,DigitalArt",Sun Feb 09 09:24:42 +0000 2025
DeCapital_DCT,"🌪 DCT storm is coming 🌪

🌍 Equal opportunities for everyone, reshaping wealth distribution

You can also be part of this storm💸

Now, the wealth door of DCT has been opened for you! 🔑

🗣 Forward to your friends, let us welcome the DCT craze together! 💨

#DCT https://t.co/UbS9Seb1vc","DCT,DecentralizedFinance,DigitalAssets,WealthOpportunity,Web3",Sat Feb 08 08:44:56 +0000 2025
DeCapital_DCT,"The cooperation between DE-Capital and KlimaDAO is just the beginning. 🤝

🛰️There will be more green finance and environmental protection innovations waiting for us to explore in the future.

https://t.co/ary3a5TSg6",,Fri Feb 07 05:35:53 +0000 2025
DeCapital_DCT,"🚨DE-Capital will take over Paris for NFT Paris 2025.

🔑 Cutting-edge technology, unique NFT solutions, cross-border collaborations - we bring a digital asset revolution to creators, investors and collectors!

📅 Thursday, February 13
Paris, waiting for you to witness it https://t.co/k56riKpFQQ","DECapital,NFTParis2025,NFT,Blockchain",Thu Feb 06 09:24:34 +0000 2025
DeCapital_DCT,"DE-Capital firmly believes that a clear regulatory environment will bring more innovation and opportunities to the decentralized finance (DeFi) sector.⛽️

https://t.co/GqjEsEmyT9",,Wed Feb 05 05:44:37 +0000 2025
DeCapital_DCT,"One-click investment, instant access to the global decentralized financial ecosystem, and enjoy more financial freedom and opportunities🪙

$DCT tokens can easily participate in liquidity provision, lending, trading and other scenarios, and start your own road to wealth.🥂 https://t.co/jn4CKioPzF",,Tue Feb 04 02:30:11 +0000 2025
DeCapital_DCT,"Safe and reliable decentralized financial security🔐
🛡 DE-Capital protects your assets!
Goodbye to the troubles of traditional financial intermediaries, we bring you a new experience of decentralized finance!

✅ Smart contract
✅ Seamless transaction
🔒 Every transaction is https://t.co/koNPFuUljz",,Mon Feb 03 13:31:12 +0000 2025
DeCapital_DCT,"Have you ever thought about becoming an investment tycoon and directly influencing the next round of investment decisions?🤔

Now, you have the chance! In DE-Capital DAO, every coin holder is a decision maker.⚡️ https://t.co/eAZyVlniAH",,Sun Feb 02 10:11:17 +0000 2025
DeCapital_DCT,"You should know more👇

https://t.co/QlfjlRFkjK",,Sat Feb 01 11:38:06 +0000 2025
DeCapital_DCT,"This is not just an investment, it is a collaboration of a global community

You are no longer a lone investor, but a part of global wisdom and power

Every decision is a reflection of the joint strength of global members, and collaboration is always stronger than individuals. https://t.co/LWSOk8G2Rs","DECapital,DAO,FutureWealth,Decentralization",Fri Jan 31 08:41:51 +0000 2025
DeCapital_DCT,"Do you want to make decisions, invest and create tomorrow's wealth together?

In DE-Capital DAO, every member can use their voice and actions to influence the future of global capital.

🔑 Governance, voting, discussion, proposal

The future is created by us together

#DECapital https://t.co/WHm0QVHlpC","DECapital,DAO,FutureWealth,Decentralization",Thu Jan 30 11:25:41 +0000 2025
DeCapital_DCT,"🐳What changes can you make?

Are you ready to inject your own wisdom and power into the future?

Come on, let's break traditions and create new rules in 2025!👑

Want to participate? You can join DE-Capital DAO by holding coins https://t.co/LWEfGbqTae",,Wed Jan 29 04:08:21 +0000 2025
blablagroups,"Hmm, interesting thoughts",,Sat Feb 15 14:43:36 +0000 2025
blablagroups,"Let the party begin, very soon we will have great news for all of our fans https://t.co/gleLJHz3yy",,Thu Feb 06 22:08:08 +0000 2025
blablagroups,This might be a good news #CryptoNews,CryptoNews,Fri Jan 31 10:45:02 +0000 2025
blablagroups,#DeepSeekR1 https://t.co/gD4aHqiXpZ,DeepSeekR1,Tue Jan 28 03:49:38 +0000 2025
blablagroups,Interesting https://t.co/a2KcIRrlxS,,Tue Jan 28 03:45:43 +0000 2025
blablagroups,Which weight is your favourite? #Trump https://t.co/OO49NKEeIq,Trump,Wed Jan 22 08:10:59 +0000 2025
blablagroups,something big is coming #TrumpInauguration https://t.co/88Zhp9s0Df,TrumpInauguration,Sat Jan 18 12:33:08 +0000 2025
blablagroups,will #Bitcoin go back up to 10 today?,Bitcoin,Wed Jan 15 08:14:19 +0000 2025
blablagroups,Omg #CaliforniaWildfires,CaliforniaWildfires,Sat Jan 11 13:07:40 +0000 2025
blablagroups,Pray for #California,California,Thu Jan 09 07:10:01 +0000 2025
blablagroups,"Investing in #Bitcoin is more profitable than investing in real estate.

Powerful image: https://t.co/O8Y9YheKQt",Bitcoin,Mon Jan 06 17:30:18 +0000 2025
blablagroups,Do you agree? #Bitcoin https://t.co/g3D7KuBCLg,Bitcoin,Sun Jan 05 17:09:06 +0000 2025
blablagroups,A great documentary from Trump,,Thu Jan 02 15:11:55 +0000 2025
blablagroups,#HappyNewYear https://t.co/U6k1IjsvtY,HappyNewYear,Tue Dec 31 14:12:24 +0000 2024
blablagroups,Pray for all the innocent people #aircrash https://t.co/D4ZgESDlCI,aircrash,Mon Dec 30 11:34:20 +0000 2024
blablagroups,Blabla where entertaiment happens #socialfi https://t.co/nZl2QQDdwM,socialfi,Sat Dec 28 06:48:53 +0000 2024
blablagroups,This photo shows a lot of memory #Bitcoin https://t.co/jvG61Ht0Vs,Bitcoin,Fri Dec 27 16:15:42 +0000 2024
blablagroups,"### 【Announcement: Blabla Token Listing Timeline】

After months of relentless effort and preparation, Blabla is entering the final stages of readiness. We want to express our gratitude to the community for your continued patience and support throughout this journey.

Currently, https://t.co/YCA21kfk2V",,Thu Dec 26 10:05:38 +0000 2024
blablagroups,Merry #MerryChristmas https://t.co/gKpzfoI1hz,MerryChristmas,Wed Dec 25 02:22:05 +0000 2024
blablagroups,Merry Christmas https://t.co/LcObeFu3GD,,Tue Dec 24 07:02:28 +0000 2024
BitStarters_com,"RT @midle_official: Upcoming Listing Announcement!

$MIDLE will be listed on @gate_io on January 22, 13:00 PM, 2025 https://t.co/0c4SaoDRjX",,Tue Jan 21 16:24:13 +0000 2025
BitStarters_com,"🚨 [ $MIDLE IDO]  - Community Round Now Live

The Community Round of @midle_official's $MIDLE #IDO  on @BitStarters_com is  now live 🔥 

🔷  Access: Public FCFS
🔷 Rate: $0.01/ $MIDLE
🔷 Vesting: 15% on TGE, then 6m release 
 🔷Community Allocation: $30,000 
🔷 Initial Market https://t.co/ozUYqwua7J","IDO,AI,Launchpad,BitStarters,MIDLE",Fri Jan 17 10:56:12 +0000 2025
BitStarters_com,"🚨 [ $MIDLE IDO]  - 1 DAY TO GO ⌛

The @midle_official's $MIDLE #IDO  on @BitStarters_com starts in less than 24hrs ⌛ 

Get Whitelisted 
⤵️
https://t.co/V3HoVOtJyT

Learn More⤵️
https://t.co/if3BtVLB9l

$BITS  | $MIDLE | #AI https://t.co/yrbrULGaL0","IDO,AI",Thu Jan 16 09:19:18 +0000 2025
BitStarters_com,"🚨 #CYCLEAN Listing Announcement

$CCL trading will go live on MEXC at 11:00 UTC 15th Jan. 2025

Learn More 
⤵️

https://t.co/6TDq1MQaka",CYCLEAN,Tue Jan 14 08:08:07 +0000 2025
BitStarters_com,"RT @Definews_Info: 🚨 @CycleanPlatform $CCL IDO is LIVE!  Join the #CyClean Revolution! 
 
♉ The Initial Dex Offering (IDO) of ##Cyclean Pla…","CyClean,Cyclean",Tue Jan 14 04:43:12 +0000 2025
BitStarters_com,"🚨 - $CCL  IDO IS LIVE🔥

The Initial Dex Offering of @CycleanPlatform on @BitStarters_com is now  live🚀

🔷  Access: Public FCFS
🔷 Rate: $0.035/CCL
🔷 Vesting: 20% TGE,  4m release 
 🔷Community Allocation: $30,000 
🔷 Initial Market Cap: $205k
🔷 FDV: $35,000,000
🔷 Listing https://t.co/nbcBUe2Dd2","Launchpad,BitStarters,CyClean",Mon Jan 13 06:04:50 +0000 2025
BitStarters_com,"Hello #BitStarters ⚡

The @midle_official #BitBoost is here🔥

🔷Complete the tasks below for a chance to win  $MIDLE #IDO Whitelist and also share 10,000 BITS #Airdrop
⤵️
https://t.co/V3HoVOtbJl

_ https://t.co/mVgfeBva5u","BitStarters,BitBoost,IDO,Airdrop",Fri Jan 10 11:49:48 +0000 2025
BitStarters_com,$MIDLE IDO is coming very soon on @BitStarters_com 🔥 And the countdown to  its on @gate_io is already on🔥,,Fri Jan 10 11:01:39 +0000 2025
BitStarters_com,"RT @CycleanPlatform: 🚀 Exciting news

We're thrilled to announce the CYCLEAN IDO is happening on 8 amazing launchpads! 🛠️ Join us on:

💥 @d…",,Fri Jan 10 07:17:14 +0000 2025
BitStarters_com,"RT @Definews_Info: 🎉 Exciting news from @BitStarters_com! 

🔥 @CycleanPlatform's $CCL #IDO is on its way to #BitStarters! 

Get ready for:…","IDO,BitStarters",Mon Jan 06 11:24:43 +0000 2025
BitStarters_com,"🚨 DEEP DIVE ON #CYCLEAN

🔶 INTRO
@CycleanPlatform incentivizes the use of green technology by rewarding users with CYCLEAN Coins for using electric bikes, motorbikes, and Renewable energy systems. CYCLEAN aims to address environmental degradation through practical products and https://t.co/kSzPciXGBA","CYCLEAN,IDO,Launchpad,DeSci,RWA,DePin",Mon Jan 06 11:14:19 +0000 2025
BitStarters_com,"On January 3rd, 2009, exactly 16 years ago, #Satoshi Nakamoto mined the starting block of the #Bitcoin Network, known as the Genesis Block thus starting the blockchain financial revolution.

What year did you buy your first #BTC / #crypto asset? https://t.co/o13LvpTxbi","Satoshi,Bitcoin,BTC,crypto",Fri Jan 03 18:28:42 +0000 2025
BitStarters_com,"Historical #Bitcoin    prices on #NewYear ’s Eve:

Cycle 1
2009 - Launched
2010 - $0.30
2011 - $$4.60
2013 - $750

Cycle 2
2014 - $320
2015 - $430
2016 - $960
2017 - $14,200

Cycle 3
2018 - $3,800
2019 - $7,200
2020 - $29,000
2021 - $48,600

Cycle 4
2022 - $16,600
2023 -","Bitcoin,NewYear,BTC",Tue Dec 31 09:25:56 +0000 2024
BitStarters_com,"Yes, we finally got the #100k #BTC","100k,BTC",Tue Dec 31 08:32:47 +0000 2024
BitStarters_com,$CCL IDO is coming very soon🔥,,Mon Dec 30 14:02:00 +0000 2024
BitStarters_com,"🚨 NEW IDO LAUNCH 

Hello #BitStarters⚡

We are thrilled to announce that @CycleanPlatform 's $CCL #IDO is coming to  @BitStarters_com 🔥

#CyClean drives sustainable change by promoting #greentechnology use. Users earn CyClean coins for adopting eco-friendly solutions like https://t.co/Z3SOB7Gq0t","BitStarters,IDO,CyClean,greentechnology,Launchpad,Presale,SocialFi,DePIN,RWA",Mon Dec 30 09:24:08 +0000 2024
BitStarters_com,"🚨 Santa Giveaway Winners 

@Mr_cryptofarmer  
@Kingxxcrypto   
@wazeihr            
@RubenTega       
@Kingfcrypto       
@IamChijiuka      
@sochibuzor       
@Snowizzie         
@Zubixexchange  
@emmacck1        
@cryptophiliac_    
@Braimoh218021 
@dreytemidare1","BitStarters,Q2E,Airdrop,AMA",Sat Dec 28 16:47:02 +0000 2024
BitStarters_com,"Which #crypto narratives are you most bullish on for the 2025 bull run?

Vote and comment 
👇",crypto,Thu Dec 26 10:09:47 +0000 2024
BitStarters_com,"Warmest holiday wishes to the #BitStarters community and our valued partners🎄

Merry #Christmas 🎄 https://t.co/toepgv8bqD","BitStarters,Christmas",Tue Dec 24 21:42:35 +0000 2024
BitStarters_com,"🚨 #BitStarters #SantaGiveaway Is Live 🔥

🎁 30,000 $BITS, 20 winners

Do you have @BitStarters_com on notification? if yes

1️⃣drop a screenshot , Your EVM Address and tag your top 3 #web3 friends 

2️⃣ ❤️ and RT  

#BITS #Launchpad #IDO #Airdrop https://t.co/xr6orlvF54","BitStarters,SantaGiveaway,web3,BITS,Launchpad,IDO,Airdrop",Tue Dec 24 09:37:30 +0000 2024
NocenaApp,"🔥 Ready to prove yourself?

Accept daring challenges on Nocena and show the world what you're made of. 
The bolder you go, the bigger the reward! 
#DareToWin #SocialGaming https://t.co/7ocW2tuGxX","DareToWin,SocialGaming",Wed Dec 11 01:28:58 +0000 2024
NocenaApp,"🕹 Challenge your creativity! 

Nocena isn't just about competition; it's about innovation. Create unique challenges and inspire others to join the fun! 🥳 #CreativeChallenges https://t.co/jsdZDwXOaN",CreativeChallenges,Thu Dec 05 18:33:31 +0000 2024
NocenaApp,"🎯 Level up your skills!

Take on skill-based challenges on Nocena. Sharpen your talents, have fun, and earn Nocenix tokens as you go! #SkillChallenge #CryptoFun https://t.co/JJPaR5Z0Yw","SkillChallenge,CryptoFun",Sat Nov 30 03:53:05 +0000 2024
NocenaApp,"Create big challenges 🤹‍♂️. 

Influencers can fundraise tokens for big challenges and let the community make it happen. https://t.co/h8lkt34JqN",,Mon Sep 30 12:02:46 +0000 2024
NocenaApp,"🤝 Challenge your friends! 

With Nocena, you can send private challenges to your friends and reward them with Nocenix tokens. 💰
#SocialNetwork #Nocena #ChallengeToEarn https://t.co/OT50kp1Ukl","SocialNetwork,Nocena,ChallengeToEarn",Tue Sep 03 20:34:24 +0000 2024
NocenaApp,"🌍Public challenges!

Create, manage, and watch public challenges for everyone active in the app. 👀

Enjoy the fun and reward participants with Nocenix tokens. #Community https://t.co/JYhfhcdN3a",Community,Sun Aug 25 21:06:55 +0000 2024
NocenaApp,"🗺️Explore the map! Check out the ongoing challenges, their prizes, and decide which one you want to take on! 

It can be an activity, it can be a riddle, it can be literally anything you can imagine.👀

Everything in one place. In the Nocena app.📱
#Nocena #SocialFi #Web3 https://t.co/2222DwkBHM","Nocena,SocialFi,Web3,ChallangeToEarn",Tue Aug 20 21:44:08 +0000 2024
NocenaApp,"💰Earning rewards in the Nocena app is just 1 min away.

➡️ download the app
➡️ find open challenges
➡️ complete tasks &amp; earn Nocenix tokens

Create, search, complete and earn. Only in Nocena📱
#Nocena #SocialFi #Web3 #ChallangeToEarn https://t.co/6uKey0Of96","Nocena,SocialFi,Web3,ChallangeToEarn",Thu Aug 15 20:06:15 +0000 2024
funs_ai,"📢 Funs AI is planning to launch its #STO (Security Token Offering) round of #fundraising, driving the development of the #Web3 #SocialFi ecosystem. 💵

Key Highlights of the STO Round 
1⃣Compliance: Plans to provide compliant and secure investment opportunities to investors in","STO,fundraising,Web3,SocialFi,SocialFi",Fri Jan 31 19:38:01 +0000 2025
funs_ai,"🥂🥂🥂
Exodus's listing on the NYSE American marks a significant milestone as tZERO's ecosystem has supported their journey from a blockchain-enabled capital market participant to a publicly traded company.

Intercontinental Exchange (ICE), the parent company of NYSE, is a",,Wed Jan 15 17:39:53 +0000 2025
funs_ai,"Why is https://t.co/qzikHPpjnx built on Base Network?

#Base Network, built on an Ethereum Layer 2 solution, allows https://t.co/hZLRlibI1t to handle a higher volume of transactions without the congestion issues commonly found on the main Ethereum Network. This capability not https://t.co/KcUK8TI65Z",Base,Wed Jan 15 00:41:08 +0000 2025
funs_ai,"https://t.co/hZLRlibI1t, a crypto-compliant #SocialFi platform developed by a Silicon Valley-based startup Knowpia Inc., has unveiled its AI Manifesto: Empower Creativity and Trust in Social Networking, showcasing its commitment to transforming the creator economy with advanced https://t.co/SdA8VIdgeE",SocialFi,Mon Dec 02 01:57:49 +0000 2024
funs_ai,"https://t.co/hZLRlibI1t $KNOWP Token Governance Rights
The $KNOWP Token Governance Rights initiative empowers the https://t.co/hZLRlibI1t community by granting governance privileges to users based on their accumulated contribution tokens. This system ensures that the platform’s https://t.co/gu2lYP1skH",,Mon Dec 02 01:52:42 +0000 2024
funs_ai,"RT @AdevAarons: X just hit 434 billion seconds used in one day—user growth is exploding.

If your brand isn’t on X, you’re missing out on t…",,Fri Nov 08 16:34:44 +0000 2024
funs_ai,"🎉 Congratulations to #MetaDukes NFT holders! We’ve airdropped the corresponding #FunDukes NFT 🎁✨ Thank you for your support, and welcome to keep engaging with the #FunsAI community as we grow together! 🚀 

#NFT #Airdrop #BASE","MetaDukes,FunDukes,FunsAI,NFT,Airdrop,BASE",Wed Nov 06 04:15:07 +0000 2024
funs_ai,"https://t.co/hZLRlibI1t released the Genesis NFT Series - FunDukes
https://t.co/Y2WOuagEN8

#FunDukes #PFP #NFT #BASE","FunDukes,PFP,NFT,BASE",Tue Nov 05 02:36:51 +0000 2024
funs_ai,https://t.co/hZLRlibI1t is dedicated to building a sustainable SocialFi project that operates within the regulatory frameworks set by the U.S. Securities and Exchange Commission (SEC) and anticipates potential impacts from the FIT21 Act. By implementing a robust compliance https://t.co/TZINxh4sIi,,Mon Nov 04 22:49:52 +0000 2024
funs_ai,"https://t.co/hZLRlibI1t is a SocialFi platform developed by a Silicon Valley-based startup Knowpia Inc., founded by a team with extensive experience and a successful track record. Our mission is to integrate AI and blockchain technology to create the platform that empowers users https://t.co/90LNN37lJ6","SocialFi,Web3",Wed Oct 02 20:47:39 +0000 2024
funs_ai,"https://t.co/qzikHPpjnx aims to create a vibrant and interactive social ecosystem that rewards active participation and high-quality content.
🎁 Next week, we will launch the MVP Testing (Mobile) campaign, offering a $200 bonus to limit participants.
👉 Please fill in the form https://t.co/8KiERQmOJh","SocialFi,MVP,Testing",Wed Jul 31 19:39:38 +0000 2024
funs_ai,"RT @AILayerXYZ: 🤝 #AILayer is excited to partner with @runedukes!

#RuneDukes is the FIRST art NFT collection on Bitcoin network via Rune P…","AILayer,RuneDukes",Thu Jun 06 09:39:07 +0000 2024
funs_ai,RT @XiangcaiJL: 随着 $dog 创下新高，#BTC 生态系统全面回暖。符文生态首个获得 Rune Protocol 创始人 Casey 大力支持的 NFT 项目 @RuneDukes 将于 6 月 6 日 22:00 UTC+8 在 @InscribeNow_i…,BTC,Wed Jun 05 05:04:38 +0000 2024
funs_ai,"Well articulated 👏.

Glad @theblockopedia_
Joined other media outlets to throw supports for #RuneDukes launch.
Something is breeding 👀

Don't read it alone, RT and let reach wider courage 🧡.

#RuneDukes #Runestone $DOG","RuneDukes,RuneDukes,Runestone",Tue Jun 04 06:31:32 +0000 2024
funs_ai,"RT @NFTFeedOfficial: 🎉 Congratulations on your victory! Claim your impressive $50 USDT  and 20 WL rewards!

A huge thank you to @runedukes…",,Mon Jun 03 05:16:04 +0000 2024
funs_ai,"RT @Runelink_org: 🔔RuneLink AMA Alerts

🔥How to Embrace the Rapid Development of the Runes Ecosystem Through a Joint Work of East and West?…",,Thu May 30 05:26:20 +0000 2024
funs_ai,"RT @QitmeerNetwork: Partnership Alert! 🎉🎉

✅ Qitmeer Network is pleased to announce a new partnership with RuneDukes @runedukes 

📖 RuneDuk…",,Wed May 29 12:21:01 +0000 2024
funs_ai,"#RuneDukes gains Casey's @rodarmor  support at #OnePieceCon : A Visionary Leap in NFT Art.

Incase you're wondering how &amp; why?.

Here's a well detailed article about the event.
https://t.co/w3zyqC8ugH
#Runestone #RuneDukes #Maga
$DOG https://t.co/BeqPNeCTZv","RuneDukes,OnePieceCon,Runestone,RuneDukes,Maga",Sat May 25 18:17:08 +0000 2024
funs_ai,"Even @AIatMeta didn't fade #RuneDukes 
Anon, take 🎤 &amp; explain why are you're fading builders❓🤔

Anyway, it's Friday, make sure your weekend.
Don't Drink &amp; Drive but you can Drink and Mint. 🫣

🔁 &amp; 🧡 cost $0, do it for us.
#RuneDukes #WankoManko #Runestone $DOG #RunesFi https://t.co/ooOE2Sg8A3","RuneDukes,RuneDukes,WankoManko,Runestone,RunesFi,Tapswap",Fri May 24 09:45:01 +0000 2024
funs_ai,"Someone reminds me of TBT 😁🤪 (Throw Back Thursday) with Biggest Casey @rodarmor at  #OnePieceCon event.

A picture screaming DOXXED BUILDERS 🛠️ https://t.co/LLy3dFAWw2",OnePieceCon,Thu May 23 13:39:36 +0000 2024
XYBAGAME,"RT @Zypher_Games: We extend our profound gratitude to our unwavering allies. Together, our journey is made richer and more meaningful. Hand…",,Fri Oct 20 08:12:00 +0000 2023
XYBAGAME,"💰 Join the XYBA Invitation Contest for a chance to win a share of up to 100 #USDT! 💰

📆 Event period: Sep.28 - Oct.7 12:00 (UTC)

👫 How to participate: 
1.Invite 10 friends to join #XYBA Discord using your own invitation link.
2. Open a ticket and apply for the @invite10 https://t.co/GNqC6kkJyZ","USDT,XYBA",Thu Sep 28 03:17:28 +0000 2023
XYBAGAME,"🚀 Unlock Your XYBA Knowledge for Freemint &amp; 50 USDT Rewards! 🧠

📅 Event Period: September 21st - September 26th

🧠 Daily Quiz Challenge: Each day, we'll drop 5 intriguing XYBA-related questions. 

Correct answers could lead to these rewards:
🥇 First Place: 300 XPs
🥈 Second https://t.co/fcqMUk6JQe",,Fri Sep 22 02:48:33 +0000 2023
XYBAGAME,"#XYBA Race Story Contest: Win Freemint &amp; 60 #USDT! 📖  

⏰Time: Sep 14. to Sep 20, 15:00 (UTC+8)

🎁#Rewards: During the event, simply spin an imaginative XYBA race story to earn XPs, win Adherent #NFT( #freemint), and a chance to win a share of 60 USDT. https://t.co/BPzqWLOHUf","XYBA,USDT,Rewards,NFT,freemint",Thu Sep 14 07:38:38 +0000 2023
XYBAGAME,"🥳 Exciting Partnership Announcement! 💥

👏We are thrilled to announce a strategic partnership with @SWAGGA_Meta.

SWAGGA is a phygital fashion metaverse that bridges the gap between real life and virtual spaces!🔥

10 * XYBA Codes for @SWAGGA_Meta followers:
🌟 CODE BENEFITS:
- https://t.co/5yz2lS67ey","Airdrop,NFT,Raffle,prize",Tue Sep 12 06:08:35 +0000 2023
XYBAGAME,"🏆 Join the XYBA Party Ranking Tab Campaign and stand a chance to Adherent NFT WL (Free Mint) and win up to 80 USDT rewards in our beta phase! 🎉

🗓️ Time: Sept.4 - Sept.11, 2 AM (UTC)

📱 Download NOW: https://t.co/aTJ3dBVMuK",,Wed Sep 06 07:02:45 +0000 2023
XYBAGAME,"⏳Closed Beta Testing Coming to an End⏳

The closed beta testing is currently underway and is approaching its conclusion. At that time, all player data will be reset, and the Top 20 players on the total points leaderboard will receive additional rewards. The specific end date https://t.co/V8ucTLeJCi",,Fri Sep 01 02:31:39 +0000 2023
XYBAGAME,"RT @Henry5430234361: It’s  am taking part in the @XYBAGAME #XYBAParty #meme campaign to share 100 #USDT rewards, come and join me! More det…","XYBAParty,meme,USDT",Mon Aug 28 07:50:05 +0000 2023
XYBAGAME,"Weekly Updates: 8/21-8/27

#GameFi #BCG #xyba #NFT https://t.co/F6tYyPF5Bn","GameFi,BCG,xyba,NFT",Mon Aug 28 07:48:57 +0000 2023
XYBAGAME,"🍕 We are thrilled to announce the launch of the XYBA Party #Beta app.

Download here: https://t.co/u5pusm1b2c

All users who have obtained the Reserved role in discord can access the beta-test to get the beta invitation code.

Join discord now: 
https://t.co/B6PN9rcewz

We https://t.co/hM6CTaNd7e",Beta,Wed Jul 12 16:20:28 +0000 2023
XYBAGAME,"🎮Spread XYBA on X and win XPs to get Adherent NFT(freemint) plus a share of 50 #USDT rewards!🎮

⏰Event Duration: August 23rd to August 30th

🎁#Rewards: During the event, simply tweet to earn XPs, win Adherent #NFT( #freemint), and a chance to win a share of 50 USDT. https://t.co/nIeXWaWDOF","USDT,Rewards,NFT,freemint",Wed Aug 23 07:35:00 +0000 2023
XYBAGAME,"RT @Will456372: It’s  am taking part in the @XYBAGAME #XYBAParty #meme campaign to share 100 #USDT rewards, come and join me! More details,…","XYBAParty,meme,USDT",Wed Aug 23 07:29:49 +0000 2023
XYBAGAME,"RT @pipipzksiv: I am taking part in the @XYBAGAME #XYBAParty #meme campaign to share 100 #USDT rewards, come and join me! More details, pls…","XYBAParty,meme,USDT",Mon Aug 21 09:13:48 +0000 2023
XYBAGAME,"RT @RRRirakkuma: I am taking part in the @XYBAGAME #XYBAParty #meme campaign to share 100 #USDT rewards, come and join me! More details, pl…","XYBAParty,meme,USDT",Mon Aug 21 09:09:52 +0000 2023
XYBAGAME,"RT @Abubakar1412459: I am taking part in the @XYBAGAME #XYBAParty #meme campaign to share 100 #USDT rewards, come and join me! More details…","XYBAParty,meme,USDT",Mon Aug 21 09:09:39 +0000 2023
XYBAGAME,"RT @Zypher_Games: 🤝 Power of Collaboration: @Zypher_Games x @XYBAGAME

We're thrilled to join forces to bring you an incredible gaming expe…",,Mon Aug 21 07:07:35 +0000 2023
XYBAGAME,XYBA Weekly Updates · 8/14-8/20 https://t.co/pkbNTpkQKt,,Mon Aug 21 07:07:04 +0000 2023
XYBAGAME,"🥳 Exciting Partnership Announcement! 💥

👏We are thrilled to announce a strategic partnership with @AlienSwap_NFT .

The first membership-based NFT marketplace and aggregator, AlienSwap builds the leading NFT trading layer.

10 * XYBA Codes for @AlienSwap_NFT followers:
🌟 CODE https://t.co/f3kaEcFdNo",,Fri Aug 18 06:31:21 +0000 2023
XYBAGAME,"🌟XYBA #Meme Creation Campaign🌟

⏰Time: 08.17-08.22, 3AM (UTC)

🎁Rewards: All participants have a chance to share in the 100 USDT grand prize!

#Giveaway #NFT #xyba #Airdrop #GameFi https://t.co/jYbJcQMLkJ","Meme,Giveaway,NFT,xyba,Airdrop,GameFi",Fri Aug 18 03:51:28 +0000 2023
XYBAGAME,"Guess what?!🧐

The XYBA Adherent NFT has been successfully created!👏😻🎮

So what's next? Let's keep an eye on it!🖼️👀 https://t.co/i652nl6Ivw",,Tue Aug 15 16:14:36 +0000 2023
